step,GS_21441737_queue,GS_21441737_wait_time,GS_25954547_queue,GS_25954547_wait_time,GS_26752062_queue,GS_26752062_wait_time,GS_26753059_queue,GS_26753059_wait_time,GS_659394041_queue,GS_659394041_wait_time,cluster_262476527_26871569_311718989_3836987635_#3more_queue,cluster_262476527_26871569_311718989_3836987635_#3more_wait_time
0,0,0.0,0,0.0,0,0.0,0,0.0,0,0.0,0,0.0
1,0,0.0,0,0.0,0,0.0,0,0.0,0,0.0,0,0.0
2,0,0.0,0,0.0,0,0.0,0,0.0,0,0.0,0,0.0
3,0,0.0,0,0.0,0,0.0,0,0.0,0,0.0,0,0.0
4,0,0.0,0,0.0,0,0.0,0,0.0,0,0.0,0,0.0
5,0,0.0,0,0.0,0,0.0,0,0.0,0,0.0,0,0.0
6,0,0.0,0,0.0,0,0.0,0,0.0,0,0.0,0,0.0
7,0,0.0,0,0.0,0,0.0,0,0.0,0,0.0,0,0.0
8,0,0.0,0,0.0,0,0.0,0,0.0,0,0.0,0,0.0
9,0,0.0,0,0.0,0,0.0,0,0.0,0,0.0,0,0.0
10,0,0.0,0,0.0,0,0.0,0,0.0,0,0.0,0,0.0
11,0,0.0,0,0.0,0,0.0,0,0.0,0,0.0,0,0.0
12,0,0.0,0,0.0,0,0.0,0,0.0,0,0.0,0,0.0
13,0,0.0,0,0.0,0,0.0,0,0.0,0,0.0,0,0.0
14,0,0.0,0,0.0,0,0.0,0,0.0,0,0.0,0,0.0
15,0,0.0,0,0.0,0,0.0,0,0.0,0,0.0,0,0.0
16,0,0.0,0,0.0,0,0.0,0,0.0,0,0.0,0,0.0
17,0,0.0,0,0.0,0,0.0,0,0.0,0,0.0,0,0.0
18,0,0.0,0,0.0,0,0.0,0,0.0,0,0.0,0,0.0
19,0,0.0,0,0.0,0,0.0,0,0.0,0,0.0,0,0.0
20,0,0.0,0,0.0,0,0.0,0,0.0,0,0.0,0,0.0
21,0,0.0,0,0.0,0,0.0,0,0.0,0,0.0,0,0.0
22,0,0.0,0,0.0,0,0.0,0,0.0,0,0.0,0,0.0
23,0,0.0,0,0.0,0,0.0,0,0.0,0,0.0,0,0.0
24,0,0.0,0,0.0,0,0.0,0,0.0,0,0.0,0,0.0
25,0,0.0,0,0.0,0,0.0,0,0.0,0,0.0,0,0.0
26,1,1.0,0,0.0,0,0.0,0,0.0,0,0.0,0,0.0
27,1,2.0,0,0.0,0,0.0,0,0.0,0,0.0,0,0.0
28,1,3.0,0,0.0,0,0.0,0,0.0,0,0.0,0,0.0
29,1,4.0,0,0.0,0,0.0,0,0.0,0,0.0,0,0.0
30,0,0.0,0,0.0,0,0.0,0,0.0,0,0.0,0,0.0
31,0,0.0,0,0.0,0,0.0,0,0.0,0,0.0,0,0.0
32,0,0.0,0,0.0,0,0.0,0,0.0,0,0.0,0,0.0
33,0,0.0,0,0.0,0,0.0,0,0.0,0,0.0,0,0.0
34,0,0.0,0,0.0,0,0.0,0,0.0,0,0.0,0,0.0
35,0,0.0,0,0.0,0,0.0,0,0.0,0,0.0,0,0.0
36,0,0.0,0,0.0,0,0.0,0,0.0,0,0.0,0,0.0
37,0,0.0,0,0.0,0,0.0,0,0.0,0,0.0,0,0.0
38,0,0.0,0,0.0,0,0.0,0,0.0,1,1.0,0,0.0
39,0,0.0,0,0.0,0,0.0,0,0.0,1,2.0,0,0.0
40,0,0.0,0,0.0,0,0.0,0,0.0,1,3.0,0,0.0
41,0,0.0,0,0.0,0,0.0,0,0.0,1,4.0,0,0.0
42,0,0.0,0,0.0,0,0.0,0,0.0,1,5.0,0,0.0
43,0,0.0,0,0.0,0,0.0,0,0.0,1,6.0,0,0.0
44,0,0.0,0,0.0,0,0.0,0,0.0,1,7.0,0,0.0
45,0,0.0,0,0.0,0,0.0,0,0.0,1,8.0,0,0.0
46,0,0.0,0,0.0,0,0.0,1,1.0,1,9.0,0,0.0
47,0,0.0,0,0.0,0,0.0,1,2.0,1,10.0,0,0.0
48,0,0.0,0,0.0,0,0.0,1,3.0,1,11.0,0,0.0
49,0,0.0,0,0.0,0,0.0,1,4.0,2,13.0,0,0.0
50,0,0.0,0,0.0,0,0.0,1,5.0,2,15.0,0,0.0
51,0,0.0,0,0.0,0,0.0,0,0.0,0,0.0,0,0.0
52,0,0.0,0,0.0,0,0.0,0,0.0,0,0.0,0,0.0
53,0,0.0,0,0.0,0,0.0,0,0.0,0,0.0,0,0.0
54,0,0.0,0,0.0,0,0.0,0,0.0,0,0.0,0,0.0
55,0,0.0,0,0.0,0,0.0,0,0.0,0,0.0,1,1.0
56,0,0.0,0,0.0,0,0.0,0,0.0,0,0.0,1,2.0
57,0,0.0,0,0.0,0,0.0,0,0.0,0,0.0,1,3.0
58,0,0.0,0,0.0,0,0.0,0,0.0,0,0.0,2,5.0
59,0,0.0,0,0.0,0,0.0,0,0.0,0,0.0,2,7.0
60,0,0.0,0,0.0,0,0.0,0,0.0,0,0.0,2,9.0
61,0,0.0,0,0.0,0,0.0,0,0.0,0,0.0,2,11.0
62,0,0.0,0,0.0,0,0.0,0,0.0,0,0.0,2,13.0
63,0,0.0,0,0.0,0,0.0,0,0.0,0,0.0,2,15.0
64,0,0.0,0,0.0,0,0.0,0,0.0,0,0.0,2,17.0
65,0,0.0,0,0.0,0,0.0,0,0.0,0,0.0,2,19.0
66,0,0.0,0,0.0,0,0.0,0,0.0,0,0.0,2,21.0
67,0,0.0,0,0.0,0,0.0,0,0.0,0,0.0,2,23.0
68,0,0.0,0,0.0,0,0.0,0,0.0,0,0.0,2,25.0
69,0,0.0,0,0.0,0,0.0,0,0.0,0,0.0,2,27.0
70,0,0.0,0,0.0,0,0.0,0,0.0,0,0.0,2,29.0
71,0,0.0,0,0.0,0,0.0,0,0.0,0,0.0,2,31.0
72,0,0.0,0,0.0,0,0.0,0,0.0,0,0.0,2,33.0
73,0,0.0,0,0.0,0,0.0,0,0.0,0,0.0,2,35.0
74,0,0.0,0,0.0,0,0.0,0,0.0,0,0.0,3,38.0
75,0,0.0,0,0.0,0,0.0,0,0.0,0,0.0,3,41.0
76,0,0.0,0,0.0,0,0.0,0,0.0,0,0.0,1,19.0
77,0,0.0,0,0.0,0,0.0,0,0.0,0,0.0,0,0.0
78,0,0.0,0,0.0,0,0.0,0,0.0,0,0.0,0,0.0
79,0,0.0,0,0.0,0,0.0,0,0.0,0,0.0,0,0.0
80,0,0.0,0,0.0,0,0.0,0,0.0,0,0.0,0,0.0
81,0,0.0,0,0.0,0,0.0,0,0.0,0,0.0,0,0.0
82,0,0.0,0,0.0,0,0.0,0,0.0,0,0.0,1,1.0
83,0,0.0,0,0.0,0,0.0,0,0.0,0,0.0,2,3.0
84,0,0.0,0,0.0,0,0.0,0,0.0,0,0.0,2,5.0
85,0,0.0,0,0.0,0,0.0,0,0.0,0,0.0,3,7.0
86,0,0.0,0,0.0,0,0.0,0,0.0,0,0.0,3,9.0
87,0,0.0,0,0.0,0,0.0,0,0.0,0,0.0,3,11.0
88,0,0.0,0,0.0,0,0.0,0,0.0,0,0.0,4,13.0
89,0,0.0,0,0.0,0,0.0,0,0.0,0,0.0,4,15.0
90,1,1.0,0,0.0,0,0.0,0,0.0,0,0.0,4,9.0
91,1,2.0,0,0.0,0,0.0,0,0.0,0,0.0,4,11.0
92,1,3.0,0,0.0,0,0.0,0,0.0,0,0.0,4,13.0
93,1,4.0,0,0.0,0,0.0,0,0.0,0,0.0,4,15.0
94,1,5.0,0,0.0,0,0.0,0,0.0,0,0.0,4,17.0
95,1,6.0,0,0.0,0,0.0,0,0.0,0,0.0,4,19.0
96,1,7.0,0,0.0,0,0.0,0,0.0,0,0.0,4,21.0
97,1,8.0,0,0.0,0,0.0,0,0.0,0,0.0,4,23.0
98,1,9.0,0,0.0,0,0.0,0,0.0,0,0.0,4,25.0
99,1,10.0,0,0.0,0,0.0,0,0.0,0,0.0,4,27.0
100,1,11.0,0,0.0,0,0.0,0,0.0,0,0.0,4,29.0
101,1,12.0,0,0.0,0,0.0,0,0.0,0,0.0,4,31.0
102,0,0.0,0,0.0,0,0.0,0,0.0,0,0.0,4,33.0
103,0,0.0,0,0.0,0,0.0,0,0.0,0,0.0,4,35.0
104,0,0.0,0,0.0,0,0.0,0,0.0,0,0.0,4,37.0
105,0,0.0,0,0.0,0,0.0,0,0.0,0,0.0,4,39.0
106,0,0.0,0,0.0,0,0.0,0,0.0,0,0.0,4,41.0
107,0,0.0,0,0.0,1,1.0,0,0.0,0,0.0,0,0.0
108,0,0.0,0,0.0,1,2.0,0,0.0,0,0.0,0,0.0
109,0,0.0,0,0.0,1,3.0,0,0.0,0,0.0,0,0.0
110,0,0.0,0,0.0,0,0.0,1,1.0,0,0.0,0,0.0
111,0,0.0,0,0.0,0,0.0,1,2.0,0,0.0,0,0.0
112,0,0.0,0,0.0,0,0.0,1,3.0,0,0.0,0,0.0
113,0,0.0,0,0.0,0,0.0,1,4.0,0,0.0,0,0.0
114,0,0.0,0,0.0,0,0.0,1,5.0,0,0.0,0,0.0
115,0,0.0,0,0.0,0,0.0,1,6.0,0,0.0,0,0.0
116,0,0.0,0,0.0,0,0.0,1,7.0,0,0.0,0,0.0
117,0,0.0,0,0.0,0,0.0,1,8.0,0,0.0,0,0.0
118,0,0.0,0,0.0,0,0.0,0,0.0,0,0.0,0,0.0
119,0,0.0,0,0.0,0,0.0,0,0.0,0,0.0,0,0.0
120,0,0.0,0,0.0,0,0.0,0,0.0,0,0.0,0,0.0
121,0,0.0,0,0.0,0,0.0,0,0.0,0,0.0,0,0.0
122,0,0.0,0,0.0,0,0.0,0,0.0,0,0.0,0,0.0
123,0,0.0,0,0.0,0,0.0,0,0.0,0,0.0,0,0.0
124,1,1.0,0,0.0,0,0.0,0,0.0,0,0.0,0,0.0
125,1,2.0,0,0.0,0,0.0,0,0.0,0,0.0,0,0.0
126,1,3.0,0,0.0,0,0.0,0,0.0,0,0.0,0,0.0
127,1,4.0,0,0.0,0,0.0,0,0.0,1,1.0,0,0.0
128,1,5.0,0,0.0,0,0.0,0,0.0,1,2.0,0,0.0
129,1,6.0,0,0.0,0,0.0,0,0.0,1,3.0,0,0.0
130,1,7.0,0,0.0,0,0.0,0,0.0,1,4.0,1,1.0
131,1,8.0,0,0.0,0,0.0,1,1.0,1,5.0,2,3.0
132,0,0.0,0,0.0,0,0.0,1,2.0,1,6.0,2,5.0
133,1,1.0,0,0.0,0,0.0,1,3.0,2,7.0,2,7.0
134,1,2.0,0,0.0,0,0.0,1,4.0,1,8.0,0,0.0
135,1,3.0,0,0.0,0,0.0,1,5.0,1,9.0,0,0.0
136,1,4.0,0,0.0,0,0.0,1,6.0,1,10.0,0,0.0
137,2,6.0,0,0.0,0,0.0,1,7.0,1,11.0,0,0.0
138,2,8.0,0,0.0,0,0.0,1,8.0,1,12.0,0,0.0
139,2,10.0,0,0.0,0,0.0,1,9.0,1,13.0,0,0.0
140,0,0.0,0,0.0,0,0.0,1,10.0,0,0.0,0,0.0
141,0,0.0,0,0.0,0,0.0,1,11.0,0,0.0,0,0.0
142,0,0.0,0,0.0,0,0.0,0,0.0,0,0.0,1,1.0
143,0,0.0,0,0.0,0,0.0,0,0.0,0,0.0,1,2.0
144,0,0.0,0,0.0,0,0.0,0,0.0,0,0.0,1,3.0
145,0,0.0,0,0.0,0,0.0,0,0.0,0,0.0,1,4.0
146,0,0.0,0,0.0,0,0.0,0,0.0,1,1.0,1,5.0
147,0,0.0,0,0.0,0,0.0,0,0.0,1,2.0,1,6.0
148,0,0.0,0,0.0,0,0.0,0,0.0,1,3.0,1,7.0
149,0,0.0,0,0.0,0,0.0,0,0.0,1,4.0,1,8.0
150,0,0.0,0,0.0,0,0.0,1,1.0,0,0.0,1,9.0
151,0,0.0,0,0.0,0,0.0,1,2.0,0,0.0,1,10.0
152,0,0.0,0,0.0,0,0.0,2,4.0,0,0.0,1,11.0
153,0,0.0,0,0.0,0,0.0,0,0.0,0,0.0,1,12.0
154,0,0.0,0,0.0,0,0.0,0,0.0,0,0.0,1,13.0
155,0,0.0,0,0.0,0,0.0,0,0.0,0,0.0,1,14.0
156,0,0.0,0,0.0,0,0.0,0,0.0,0,0.0,2,16.0
157,0,0.0,0,0.0,0,0.0,1,1.0,0,0.0,2,18.0
158,0,0.0,0,0.0,0,0.0,1,2.0,1,1.0,2,20.0
159,0,0.0,0,0.0,0,0.0,1,3.0,1,2.0,2,22.0
160,0,0.0,0,0.0,0,0.0,1,4.0,1,3.0,2,24.0
161,0,0.0,0,0.0,0,0.0,1,5.0,1,4.0,2,26.0
162,0,0.0,0,0.0,0,0.0,1,6.0,1,5.0,2,28.0
163,0,0.0,0,0.0,0,0.0,0,0.0,1,6.0,2,30.0
164,0,0.0,0,0.0,0,0.0,0,0.0,1,7.0,3,33.0
165,0,0.0,0,0.0,0,0.0,0,0.0,1,8.0,3,36.0
166,0,0.0,0,0.0,0,0.0,0,0.0,1,9.0,3,39.0
167,0,0.0,0,0.0,0,0.0,0,0.0,1,10.0,3,42.0
168,0,0.0,0,0.0,0,0.0,0,0.0,1,11.0,3,45.0
169,0,0.0,0,0.0,0,0.0,0,0.0,1,12.0,3,48.0
170,0,0.0,0,0.0,0,0.0,0,0.0,1,13.0,3,51.0
171,0,0.0,0,0.0,0,0.0,0,0.0,1,14.0,1,8.0
172,0,0.0,0,0.0,0,0.0,0,0.0,0,0.0,1,9.0
173,0,0.0,0,0.0,0,0.0,0,0.0,0,0.0,3,11.0
174,0,0.0,0,0.0,0,0.0,0,0.0,0,0.0,3,13.0
175,0,0.0,0,0.0,0,0.0,0,0.0,0,0.0,3,15.0
176,0,0.0,0,0.0,0,0.0,0,0.0,0,0.0,3,17.0
177,0,0.0,0,0.0,0,0.0,0,0.0,0,0.0,4,20.0
178,0,0.0,0,0.0,0,0.0,0,0.0,0,0.0,5,23.0
179,0,0.0,0,0.0,0,0.0,0,0.0,0,0.0,5,26.0
180,0,0.0,0,0.0,0,0.0,0,0.0,0,0.0,2,5.0
181,0,0.0,0,0.0,0,0.0,0,0.0,0,0.0,2,7.0
182,0,0.0,0,0.0,0,0.0,0,0.0,0,0.0,3,9.0
183,0,0.0,0,0.0,0,0.0,0,0.0,0,0.0,3,11.0
184,0,0.0,0,0.0,0,0.0,0,0.0,0,0.0,3,13.0
185,0,0.0,0,0.0,0,0.0,0,0.0,0,0.0,3,15.0
186,1,1.0,0,0.0,0,0.0,0,0.0,0,0.0,3,17.0
187,1,2.0,0,0.0,0,0.0,0,0.0,0,0.0,3,19.0
188,1,3.0,0,0.0,0,0.0,0,0.0,0,0.0,3,21.0
189,2,5.0,0,0.0,0,0.0,0,0.0,0,0.0,3,23.0
190,2,7.0,0,0.0,0,0.0,0,0.0,0,0.0,3,25.0
191,2,9.0,0,0.0,0,0.0,0,0.0,0,0.0,3,27.0
192,2,11.0,0,0.0,0,0.0,0,0.0,0,0.0,3,29.0
193,2,13.0,0,0.0,0,0.0,0,0.0,0,0.0,3,31.0
194,2,15.0,0,0.0,0,0.0,0,0.0,1,1.0,4,33.0
195,2,17.0,0,0.0,0,0.0,0,0.0,1,2.0,4,35.0
196,2,19.0,0,0.0,0,0.0,0,0.0,1,3.0,4,37.0
197,2,21.0,0,0.0,0,0.0,0,0.0,1,4.0,5,40.0
198,2,23.0,0,0.0,0,0.0,0,0.0,1,5.0,5,43.0
199,2,25.0,0,0.0,0,0.0,0,0.0,0,0.0,1,3.0
200,1,12.0,0,0.0,0,0.0,0,0.0,0,0.0,1,4.0
201,0,0.0,0,0.0,0,0.0,0,0.0,0,0.0,1,5.0
202,0,0.0,0,0.0,0,0.0,0,0.0,0,0.0,1,6.0
203,0,0.0,0,0.0,0,0.0,0,0.0,0,0.0,1,7.0
204,0,0.0,0,0.0,0,0.0,0,0.0,0,0.0,1,8.0
205,0,0.0,0,0.0,0,0.0,0,0.0,0,0.0,1,9.0
206,0,0.0,0,0.0,0,0.0,0,0.0,0,0.0,1,10.0
207,0,0.0,0,0.0,0,0.0,0,0.0,0,0.0,1,11.0
208,0,0.0,0,0.0,0,0.0,0,0.0,0,0.0,1,12.0
209,0,0.0,0,0.0,0,0.0,0,0.0,0,0.0,1,13.0
210,0,0.0,0,0.0,0,0.0,0,0.0,0,0.0,1,14.0
211,0,0.0,0,0.0,0,0.0,0,0.0,0,0.0,1,15.0
212,0,0.0,0,0.0,0,0.0,0,0.0,0,0.0,1,16.0
213,0,0.0,0,0.0,0,0.0,0,0.0,0,0.0,1,17.0
214,0,0.0,0,0.0,0,0.0,0,0.0,0,0.0,1,18.0
215,0,0.0,0,0.0,0,0.0,0,0.0,0,0.0,1,19.0
216,0,0.0,0,0.0,0,0.0,0,0.0,0,0.0,1,20.0
217,1,1.0,0,0.0,0,0.0,0,0.0,0,0.0,1,21.0
218,1,2.0,0,0.0,0,0.0,0,0.0,0,0.0,1,22.0
219,1,3.0,0,0.0,0,0.0,0,0.0,0,0.0,1,23.0
220,1,4.0,0,0.0,0,0.0,0,0.0,0,0.0,1,24.0
221,1,5.0,0,0.0,0,0.0,0,0.0,0,0.0,2,26.0
222,1,6.0,0,0.0,0,0.0,0,0.0,0,0.0,2,28.0
223,1,7.0,0,0.0,0,0.0,0,0.0,0,0.0,2,30.0
224,0,0.0,0,0.0,0,0.0,0,0.0,0,0.0,2,32.0
225,0,0.0,0,0.0,0,0.0,0,0.0,0,0.0,2,34.0
226,0,0.0,0,0.0,0,0.0,0,0.0,0,0.0,2,36.0
227,0,0.0,0,0.0,0,0.0,0,0.0,0,0.0,3,39.0
228,0,0.0,0,0.0,0,0.0,0,0.0,0,0.0,3,42.0
229,0,0.0,0,0.0,0,0.0,0,0.0,0,0.0,1,3.0
230,0,0.0,0,0.0,0,0.0,0,0.0,0,0.0,0,0.0
231,0,0.0,0,0.0,0,0.0,0,0.0,0,0.0,0,0.0
232,0,0.0,0,0.0,0,0.0,0,0.0,0,0.0,0,0.0
233,1,1.0,0,0.0,0,0.0,0,0.0,0,0.0,1,1.0
234,1,2.0,0,0.0,0,0.0,1,1.0,0,0.0,1,2.0
235,1,3.0,0,0.0,0,0.0,1,2.0,0,0.0,1,3.0
236,2,5.0,0,0.0,0,0.0,1,3.0,0,0.0,1,4.0
237,2,7.0,0,0.0,0,0.0,0,0.0,0,0.0,1,5.0
238,2,9.0,0,0.0,0,0.0,0,0.0,0,0.0,1,6.0
239,2,11.0,0,0.0,0,0.0,0,0.0,0,0.0,1,7.0
240,2,13.0,0,0.0,0,0.0,0,0.0,0,0.0,1,8.0
241,2,15.0,0,0.0,0,0.0,0,0.0,0,0.0,1,9.0
242,2,17.0,0,0.0,0,0.0,0,0.0,0,0.0,1,10.0
243,2,19.0,0,0.0,0,0.0,0,0.0,0,0.0,1,11.0
244,2,21.0,0,0.0,0,0.0,0,0.0,0,0.0,1,12.0
245,2,23.0,0,0.0,0,0.0,0,0.0,0,0.0,1,13.0
246,2,25.0,0,0.0,0,0.0,0,0.0,0,0.0,2,15.0
247,2,27.0,0,0.0,0,0.0,0,0.0,0,0.0,3,18.0
248,2,29.0,0,0.0,0,0.0,0,0.0,0,0.0,3,21.0
249,2,31.0,0,0.0,0,0.0,0,0.0,0,0.0,3,24.0
250,2,33.0,0,0.0,0,0.0,0,0.0,0,0.0,3,27.0
251,2,35.0,0,0.0,0,0.0,0,0.0,0,0.0,3,30.0
252,3,38.0,0,0.0,0,0.0,0,0.0,0,0.0,3,33.0
253,3,41.0,0,0.0,0,0.0,0,0.0,0,0.0,3,36.0
254,3,44.0,0,0.0,0,0.0,0,0.0,0,0.0,3,39.0
255,3,47.0,0,0.0,0,0.0,0,0.0,0,0.0,1,9.0
256,3,50.0,0,0.0,0,0.0,0,0.0,0,0.0,1,10.0
257,3,53.0,0,0.0,0,0.0,0,0.0,0,0.0,1,11.0
258,3,56.0,0,0.0,0,0.0,0,0.0,0,0.0,1,12.0
259,2,32.0,0,0.0,0,0.0,0,0.0,0,0.0,1,13.0
260,1,9.0,0,0.0,0,0.0,0,0.0,0,0.0,1,14.0
261,0,0.0,0,0.0,0,0.0,0,0.0,0,0.0,1,15.0
262,0,0.0,0,0.0,0,0.0,0,0.0,0,0.0,1,16.0
263,0,0.0,0,0.0,0,0.0,0,0.0,0,0.0,1,17.0
264,0,0.0,0,0.0,0,0.0,0,0.0,0,0.0,1,18.0
265,0,0.0,0,0.0,0,0.0,0,0.0,0,0.0,1,19.0
266,0,0.0,0,0.0,1,1.0,0,0.0,0,0.0,1,20.0
267,0,0.0,0,0.0,1,2.0,0,0.0,0,0.0,1,21.0
268,1,1.0,0,0.0,0,0.0,0,0.0,0,0.0,1,22.0
269,1,2.0,0,0.0,0,0.0,0,0.0,0,0.0,1,23.0
270,0,0.0,0,0.0,0,0.0,0,0.0,0,0.0,1,24.0
271,0,0.0,0,0.0,0,0.0,0,0.0,0,0.0,1,25.0
272,0,0.0,0,0.0,0,0.0,0,0.0,0,0.0,1,26.0
273,0,0.0,0,0.0,0,0.0,0,0.0,0,0.0,1,27.0
274,0,0.0,0,0.0,0,0.0,0,0.0,0,0.0,1,28.0
275,0,0.0,0,0.0,0,0.0,0,0.0,0,0.0,1,29.0
276,0,0.0,0,0.0,0,0.0,0,0.0,0,0.0,2,31.0
277,0,0.0,1,0.0,0,0.0,0,0.0,0,0.0,3,34.0
278,0,0.0,0,0.0,0,0.0,1,1.0,0,0.0,3,37.0
279,0,0.0,0,0.0,0,0.0,1,2.0,0,0.0,3,40.0
280,0,0.0,0,0.0,0,0.0,1,3.0,0,0.0,4,44.0
281,0,0.0,0,0.0,0,0.0,1,4.0,0,0.0,4,48.0
282,0,0.0,0,0.0,0,0.0,1,5.0,0,0.0,4,52.0
283,0,0.0,0,0.0,0,0.0,1,6.0,0,0.0,4,56.0
284,0,0.0,0,0.0,0,0.0,1,7.0,0,0.0,4,60.0
285,0,0.0,0,0.0,1,1.0,1,8.0,0,0.0,3,25.0
286,0,0.0,0,0.0,1,2.0,1,9.0,0,0.0,2,21.0
287,0,0.0,1,1.0,1,3.0,1,10.0,1,1.0,2,23.0
288,0,0.0,2,3.0,1,4.0,1,11.0,1,2.0,2,25.0
289,0,0.0,2,5.0,1,5.0,1,12.0,1,3.0,2,27.0
290,0,0.0,2,7.0,1,6.0,0,0.0,0,0.0,2,29.0
291,0,0.0,0,0.0,1,7.0,0,0.0,0,0.0,2,31.0
292,0,0.0,0,0.0,0,0.0,0,0.0,0,0.0,2,33.0
293,0,0.0,0,0.0,0,0.0,0,0.0,0,0.0,4,36.0
294,0,0.0,0,0.0,0,0.0,0,0.0,0,0.0,4,39.0
295,0,0.0,0,0.0,0,0.0,0,0.0,0,0.0,4,42.0
296,0,0.0,0,0.0,0,0.0,0,0.0,0,0.0,5,46.0
297,0,0.0,0,0.0,0,0.0,0,0.0,0,0.0,5,50.0
298,0,0.0,0,0.0,0,0.0,0,0.0,0,0.0,5,54.0
299,0,0.0,0,0.0,0,0.0,0,0.0,0,0.0,5,58.0
300,0,0.0,0,0.0,0,0.0,0,0.0,0,0.0,5,62.0
301,0,0.0,0,0.0,0,0.0,0,0.0,0,0.0,5,66.0
302,0,0.0,0,0.0,0,0.0,0,0.0,0,0.0,5,70.0
303,0,0.0,0,0.0,0,0.0,0,0.0,0,0.0,5,74.0
304,1,1.0,0,0.0,0,0.0,0,0.0,0,0.0,5,78.0
305,1,2.0,0,0.0,0,0.0,0,0.0,0,0.0,5,82.0
306,1,3.0,0,0.0,0,0.0,0,0.0,0,0.0,6,87.0
307,1,4.0,0,0.0,0,0.0,0,0.0,0,0.0,6,92.0
308,1,5.0,0,0.0,0,0.0,0,0.0,0,0.0,6,97.0
309,1,6.0,0,0.0,0,0.0,0,0.0,0,0.0,6,102.0
310,1,7.0,0,0.0,0,0.0,0,0.0,0,0.0,6,107.0
311,1,8.0,0,0.0,0,0.0,0,0.0,0,0.0,6,112.0
312,0,0.0,0,0.0,0,0.0,0,0.0,0,0.0,6,117.0
313,0,0.0,0,0.0,0,0.0,0,0.0,0,0.0,6,122.0
314,0,0.0,0,0.0,0,0.0,0,0.0,0,0.0,4,96.0
315,0,0.0,0,0.0,0,0.0,0,0.0,0,0.0,3,79.0
316,0,0.0,0,0.0,0,0.0,0,0.0,0,0.0,2,81.0
317,0,0.0,0,0.0,0,0.0,0,0.0,0,0.0,2,83.0
318,0,0.0,0,0.0,0,0.0,0,0.0,0,0.0,2,85.0
319,1,1.0,0,0.0,0,0.0,0,0.0,0,0.0,2,87.0
320,0,0.0,0,0.0,0,0.0,0,0.0,0,0.0,3,89.0
321,0,0.0,0,0.0,0,0.0,0,0.0,0,0.0,3,91.0
322,1,1.0,0,0.0,0,0.0,0,0.0,0,0.0,3,93.0
323,1,2.0,0,0.0,0,0.0,0,0.0,0,0.0,3,95.0
324,2,3.0,0,0.0,0,0.0,0,0.0,0,0.0,3,97.0
325,1,4.0,0,0.0,0,0.0,0,0.0,0,0.0,5,101.0
326,1,5.0,0,0.0,0,0.0,0,0.0,0,0.0,5,105.0
327,1,6.0,0,0.0,0,0.0,0,0.0,0,0.0,7,111.0
328,1,7.0,0,0.0,0,0.0,0,0.0,0,0.0,8,118.0
329,1,8.0,0,0.0,0,0.0,1,1.0,0,0.0,8,125.0
330,0,0.0,0,0.0,0,0.0,0,0.0,0,0.0,9,132.0
331,0,0.0,0,0.0,0,0.0,0,0.0,0,0.0,9,139.0
332,0,0.0,0,0.0,0,0.0,0,0.0,0,0.0,9,146.0
333,0,0.0,0,0.0,0,0.0,0,0.0,0,0.0,9,153.0
334,0,0.0,0,0.0,0,0.0,0,0.0,0,0.0,9,160.0
335,0,0.0,0,0.0,1,1.0,0,0.0,0,0.0,9,167.0
336,0,0.0,0,0.0,1,2.0,0,0.0,0,0.0,9,174.0
337,1,1.0,0,0.0,1,3.0,0,0.0,0,0.0,9,181.0
338,1,2.0,0,0.0,1,4.0,0,0.0,0,0.0,9,188.0
339,1,3.0,0,0.0,1,5.0,0,0.0,0,0.0,9,195.0
340,1,4.0,0,0.0,1,6.0,0,0.0,0,0.0,10,202.0
341,0,0.0,0,0.0,1,7.0,0,0.0,0,0.0,11,210.0
342,0,0.0,0,0.0,1,8.0,0,0.0,0,0.0,12,218.0
343,0,0.0,0,0.0,0,0.0,0,0.0,0,0.0,12,226.0
344,0,0.0,0,0.0,0,0.0,0,0.0,0,0.0,12,234.0
345,0,0.0,0,0.0,0,0.0,0,0.0,0,0.0,8,151.0
346,0,0.0,0,0.0,0,0.0,0,0.0,0,0.0,6,67.0
347,0,0.0,0,0.0,0,0.0,1,1.0,0,0.0,5,51.0
348,0,0.0,1,1.0,0,0.0,1,2.0,0,0.0,5,54.0
349,0,0.0,1,2.0,0,0.0,1,3.0,0,0.0,5,57.0
350,0,0.0,1,3.0,0,0.0,1,4.0,0,0.0,5,60.0
351,0,0.0,0,0.0,0,0.0,1,5.0,0,0.0,5,63.0
352,0,0.0,0,0.0,0,0.0,1,6.0,0,0.0,5,66.0
353,0,0.0,0,0.0,0,0.0,1,7.0,0,0.0,5,69.0
354,0,0.0,0,0.0,0,0.0,0,0.0,0,0.0,5,72.0
355,0,0.0,0,0.0,0,0.0,0,0.0,0,0.0,5,75.0
356,0,0.0,0,0.0,0,0.0,0,0.0,0,0.0,5,78.0
357,0,0.0,0,0.0,0,0.0,0,0.0,0,0.0,5,81.0
358,0,0.0,0,0.0,0,0.0,0,0.0,0,0.0,6,85.0
359,0,0.0,0,0.0,0,0.0,0,0.0,0,0.0,6,89.0
360,0,0.0,0,0.0,0,0.0,0,0.0,0,0.0,2,23.0
361,0,0.0,0,0.0,0,0.0,0,0.0,0,0.0,1,4.0
362,0,0.0,0,0.0,0,0.0,0,0.0,0,0.0,2,6.0
363,0,0.0,0,0.0,0,0.0,0,0.0,0,0.0,2,8.0
364,0,0.0,0,0.0,0,0.0,0,0.0,0,0.0,3,10.0
365,0,0.0,0,0.0,1,1.0,0,0.0,0,0.0,3,12.0
366,0,0.0,0,0.0,1,2.0,0,0.0,0,0.0,4,14.0
367,0,0.0,0,0.0,0,0.0,0,0.0,0,0.0,3,16.0
368,0,0.0,0,0.0,0,0.0,0,0.0,0,0.0,3,18.0
369,0,0.0,0,0.0,0,0.0,0,0.0,0,0.0,2,12.0
370,0,0.0,0,0.0,0,0.0,0,0.0,0,0.0,2,13.0
371,0,0.0,0,0.0,0,0.0,0,0.0,0,0.0,2,14.0
372,0,0.0,0,0.0,0,0.0,0,0.0,0,0.0,2,15.0
373,0,0.0,0,0.0,0,0.0,0,0.0,0,0.0,2,16.0
374,0,0.0,0,0.0,0,0.0,0,0.0,0,0.0,2,17.0
375,0,0.0,0,0.0,0,0.0,0,0.0,0,0.0,2,18.0
376,0,0.0,0,0.0,0,0.0,0,0.0,0,0.0,2,19.0
377,0,0.0,0,0.0,0,0.0,0,0.0,0,0.0,2,20.0
378,1,1.0,0,0.0,0,0.0,0,0.0,0,0.0,2,21.0
379,1,2.0,0,0.0,0,0.0,0,0.0,0,0.0,2,22.0
380,1,3.0,0,0.0,0,0.0,0,0.0,0,0.0,2,23.0
381,1,4.0,0,0.0,0,0.0,0,0.0,0,0.0,2,24.0
382,1,5.0,0,0.0,0,0.0,0,0.0,0,0.0,2,25.0
383,0,0.0,0,0.0,0,0.0,0,0.0,0,0.0,3,27.0
384,0,0.0,0,0.0,0,0.0,0,0.0,0,0.0,3,29.0
385,0,0.0,0,0.0,0,0.0,0,0.0,0,0.0,3,31.0
386,0,0.0,0,0.0,0,0.0,0,0.0,0,0.0,3,33.0
387,0,0.0,0,0.0,0,0.0,0,0.0,0,0.0,3,35.0
388,0,0.0,0,0.0,0,0.0,0,0.0,0,0.0,1,6.0
389,0,0.0,0,0.0,0,0.0,0,0.0,0,0.0,0,0.0
390,0,0.0,0,0.0,0,0.0,0,0.0,1,1.0,0,0.0
391,0,0.0,0,0.0,0,0.0,0,0.0,1,2.0,0,0.0
392,0,0.0,0,0.0,0,0.0,0,0.0,2,4.0,1,1.0
393,0,0.0,0,0.0,0,0.0,0,0.0,3,6.0,1,2.0
394,0,0.0,0,0.0,0,0.0,0,0.0,4,8.0,1,3.0
395,0,0.0,0,0.0,0,0.0,0,0.0,4,10.0,1,4.0
396,0,0.0,0,0.0,0,0.0,0,0.0,4,12.0,1,5.0
397,0,0.0,0,0.0,0,0.0,0,0.0,2,6.0,1,6.0
398,0,0.0,0,0.0,0,0.0,0,0.0,0,0.0,1,7.0
399,0,0.0,0,0.0,0,0.0,0,0.0,0,0.0,1,8.0
400,0,0.0,1,0.0,0,0.0,0,0.0,0,0.0,1,9.0
401,0,0.0,0,0.0,0,0.0,0,0.0,0,0.0,2,10.0
402,0,0.0,0,0.0,0,0.0,0,0.0,0,0.0,2,11.0
403,0,0.0,0,0.0,0,0.0,0,0.0,0,0.0,3,13.0
404,0,0.0,0,0.0,0,0.0,0,0.0,0,0.0,3,15.0
405,0,0.0,0,0.0,0,0.0,0,0.0,0,0.0,3,17.0
406,0,0.0,0,0.0,0,0.0,0,0.0,0,0.0,3,19.0
407,0,0.0,0,0.0,0,0.0,0,0.0,1,1.0,3,21.0
408,0,0.0,0,0.0,0,0.0,0,0.0,1,2.0,3,23.0
409,0,0.0,0,0.0,0,0.0,0,0.0,1,3.0,1,7.0
410,0,0.0,0,0.0,0,0.0,0,0.0,1,4.0,0,0.0
411,0,0.0,0,0.0,0,0.0,0,0.0,1,5.0,0,0.0
412,0,0.0,0,0.0,0,0.0,0,0.0,1,6.0,0,0.0
413,0,0.0,0,0.0,0,0.0,0,0.0,1,7.0,0,0.0
414,1,1.0,0,0.0,0,0.0,0,0.0,1,8.0,0,0.0
415,1,2.0,0,0.0,0,0.0,0,0.0,1,9.0,0,0.0
416,1,3.0,0,0.0,0,0.0,0,0.0,2,11.0,0,0.0
417,1,4.0,0,0.0,0,0.0,0,0.0,2,13.0,0,0.0
418,2,6.0,0,0.0,0,0.0,0,0.0,2,15.0,0,0.0
419,2,8.0,0,0.0,0,0.0,0,0.0,2,17.0,0,0.0
420,0,0.0,0,0.0,0,0.0,0,0.0,1,5.0,0,0.0
421,0,0.0,0,0.0,0,0.0,0,0.0,0,0.0,0,0.0
422,0,0.0,0,0.0,0,0.0,0,0.0,0,0.0,0,0.0
423,0,0.0,0,0.0,0,0.0,0,0.0,1,1.0,0,0.0
424,0,0.0,0,0.0,0,0.0,0,0.0,1,2.0,0,0.0
425,0,0.0,0,0.0,0,0.0,0,0.0,1,3.0,0,0.0
426,0,0.0,0,0.0,0,0.0,0,0.0,2,5.0,1,1.0
427,0,0.0,0,0.0,0,0.0,0,0.0,2,7.0,1,2.0
428,0,0.0,0,0.0,0,0.0,0,0.0,1,3.0,1,3.0
429,1,1.0,1,0.0,0,0.0,0,0.0,0,0.0,1,4.0
430,1,2.0,0,0.0,0,0.0,0,0.0,0,0.0,3,6.0
431,1,3.0,0,0.0,0,0.0,0,0.0,0,0.0,3,8.0
432,1,4.0,0,0.0,0,0.0,0,0.0,1,1.0,3,10.0
433,1,5.0,0,0.0,0,0.0,1,1.0,1,2.0,3,12.0
434,1,6.0,0,0.0,0,0.0,1,2.0,1,3.0,3,14.0
435,2,8.0,0,0.0,0,0.0,2,4.0,1,4.0,3,16.0
436,2,10.0,0,0.0,0,0.0,2,6.0,2,6.0,1,7.0
437,2,12.0,0,0.0,0,0.0,2,8.0,2,8.0,1,8.0
438,2,14.0,0,0.0,0,0.0,2,10.0,2,10.0,1,9.0
439,2,16.0,0,0.0,0,0.0,2,12.0,2,12.0,1,10.0
440,2,18.0,1,1.0,0,0.0,2,14.0,2,14.0,1,11.0
441,2,20.0,1,2.0,0,0.0,2,16.0,2,16.0,1,12.0
442,2,22.0,1,3.0,0,0.0,2,18.0,2,18.0,1,13.0
443,2,24.0,1,4.0,0,0.0,1,9.0,2,20.0,1,14.0
444,2,26.0,1,5.0,0,0.0,0,0.0,1,9.0,1,15.0
445,2,28.0,1,1.0,0,0.0,0,0.0,0,0.0,3,17.0
446,2,30.0,0,0.0,0,0.0,1,1.0,0,0.0,3,19.0
447,2,32.0,0,0.0,0,0.0,1,2.0,0,0.0,3,21.0
448,0,0.0,0,0.0,0,0.0,1,3.0,0,0.0,3,23.0
449,0,0.0,0,0.0,0,0.0,1,4.0,0,0.0,3,25.0
450,0,0.0,0,0.0,0,0.0,0,0.0,0,0.0,2,21.0
451,0,0.0,0,0.0,0,0.0,0,0.0,0,0.0,2,22.0
452,0,0.0,0,0.0,0,0.0,0,0.0,0,0.0,2,23.0
453,0,0.0,0,0.0,0,0.0,0,0.0,1,1.0,2,24.0
454,0,0.0,0,0.0,0,0.0,0,0.0,1,2.0,2,25.0
455,0,0.0,0,0.0,0,0.0,0,0.0,0,0.0,2,26.0
456,0,0.0,0,0.0,0,0.0,0,0.0,0,0.0,4,29.0
457,0,0.0,0,0.0,0,0.0,0,0.0,0,0.0,4,32.0
458,0,0.0,0,0.0,0,0.0,1,1.0,0,0.0,5,35.0
459,0,0.0,0,0.0,0,0.0,1,2.0,0,0.0,5,38.0
460,0,0.0,0,0.0,0,0.0,1,3.0,0,0.0,5,41.0
461,0,0.0,0,0.0,0,0.0,1,4.0,0,0.0,5,44.0
462,0,0.0,0,0.0,0,0.0,1,5.0,0,0.0,5,47.0
463,0,0.0,0,0.0,0,0.0,1,6.0,0,0.0,6,50.0
464,0,0.0,0,0.0,0,0.0,1,7.0,0,0.0,6,53.0
465,0,0.0,0,0.0,0,0.0,1,8.0,0,0.0,6,56.0
466,0,0.0,0,0.0,0,0.0,1,9.0,0,0.0,6,59.0
467,0,0.0,0,0.0,0,0.0,2,11.0,0,0.0,1,12.0
468,0,0.0,0,0.0,0,0.0,2,13.0,0,0.0,2,13.0
469,0,0.0,0,0.0,0,0.0,2,15.0,0,0.0,2,14.0
470,0,0.0,0,0.0,0,0.0,1,4.0,1,1.0,3,15.0
471,1,1.0,0,0.0,0,0.0,0,0.0,1,2.0,3,16.0
472,0,0.0,0,0.0,0,0.0,0,0.0,1,3.0,3,17.0
473,0,0.0,0,0.0,0,0.0,0,0.0,1,4.0,3,18.0
474,0,0.0,0,0.0,0,0.0,0,0.0,1,5.0,3,19.0
475,0,0.0,0,0.0,0,0.0,0,0.0,1,6.0,4,21.0
476,0,0.0,0,0.0,0,0.0,0,0.0,2,7.0,5,24.0
477,0,0.0,0,0.0,0,0.0,0,0.0,2,8.0,6,28.0
478,0,0.0,0,0.0,0,0.0,0,0.0,2,9.0,6,32.0
479,0,0.0,0,0.0,0,0.0,0,0.0,0,0.0,8,37.0
480,0,0.0,0,0.0,0,0.0,0,0.0,0,0.0,7,40.0
481,0,0.0,0,0.0,0,0.0,0,0.0,0,0.0,7,44.0
482,0,0.0,0,0.0,0,0.0,0,0.0,0,0.0,7,48.0
483,0,0.0,0,0.0,0,0.0,0,0.0,0,0.0,7,52.0
484,0,0.0,0,0.0,0,0.0,0,0.0,0,0.0,7,56.0
485,1,1.0,0,0.0,0,0.0,0,0.0,0,0.0,7,60.0
486,1,2.0,0,0.0,0,0.0,0,0.0,0,0.0,7,64.0
487,1,3.0,0,0.0,0,0.0,0,0.0,0,0.0,7,68.0
488,1,4.0,0,0.0,0,0.0,0,0.0,0,0.0,8,73.0
489,1,5.0,0,0.0,0,0.0,0,0.0,0,0.0,8,78.0
490,1,6.0,0,0.0,0,0.0,0,0.0,0,0.0,8,83.0
491,0,0.0,0,0.0,0,0.0,0,0.0,0,0.0,8,88.0
492,0,0.0,0,0.0,0,0.0,0,0.0,0,0.0,8,93.0
493,0,0.0,0,0.0,0,0.0,0,0.0,0,0.0,8,98.0
494,0,0.0,0,0.0,0,0.0,0,0.0,0,0.0,8,103.0
495,0,0.0,0,0.0,0,0.0,0,0.0,0,0.0,8,108.0
496,0,0.0,0,0.0,0,0.0,0,0.0,0,0.0,8,113.0
497,0,0.0,0,0.0,0,0.0,0,0.0,0,0.0,8,118.0
498,0,0.0,0,0.0,0,0.0,0,0.0,0,0.0,9,123.0
499,0,0.0,0,0.0,0,0.0,0,0.0,0,0.0,5,59.0
500,0,0.0,0,0.0,0,0.0,0,0.0,0,0.0,3,37.0
501,0,0.0,0,0.0,0,0.0,0,0.0,0,0.0,1,14.0
502,0,0.0,0,0.0,0,0.0,0,0.0,0,0.0,0,0.0
503,0,0.0,0,0.0,0,0.0,0,0.0,0,0.0,0,0.0
504,0,0.0,0,0.0,0,0.0,0,0.0,0,0.0,0,0.0
505,0,0.0,0,0.0,0,0.0,0,0.0,0,0.0,0,0.0
506,0,0.0,0,0.0,0,0.0,0,0.0,0,0.0,0,0.0
507,0,0.0,0,0.0,0,0.0,0,0.0,0,0.0,0,0.0
508,0,0.0,0,0.0,0,0.0,0,0.0,0,0.0,0,0.0
509,0,0.0,0,0.0,0,0.0,0,0.0,0,0.0,0,0.0
510,0,0.0,0,0.0,0,0.0,0,0.0,0,0.0,0,0.0
511,0,0.0,0,0.0,0,0.0,1,1.0,0,0.0,0,0.0
512,0,0.0,0,0.0,0,0.0,1,2.0,0,0.0,0,0.0
513,0,0.0,0,0.0,0,0.0,1,3.0,0,0.0,0,0.0
514,0,0.0,0,0.0,0,0.0,1,4.0,1,1.0,0,0.0
515,0,0.0,0,0.0,0,0.0,0,0.0,1,2.0,0,0.0
516,0,0.0,0,0.0,0,0.0,0,0.0,2,4.0,0,0.0
517,0,0.0,0,0.0,0,0.0,0,0.0,3,7.0,2,2.0
518,0,0.0,0,0.0,0,0.0,0,0.0,2,5.0,2,4.0
519,0,0.0,0,0.0,0,0.0,0,0.0,1,3.0,2,6.0
520,0,0.0,0,0.0,0,0.0,1,1.0,1,0.0,2,8.0
521,0,0.0,0,0.0,0,0.0,1,2.0,0,0.0,3,10.0
522,0,0.0,0,0.0,0,0.0,1,3.0,0,0.0,3,12.0
523,0,0.0,0,0.0,0,0.0,1,4.0,0,0.0,3,14.0
524,0,0.0,0,0.0,0,0.0,1,5.0,0,0.0,0,0.0
525,0,0.0,0,0.0,0,0.0,1,6.0,1,1.0,0,0.0
526,0,0.0,0,0.0,0,0.0,2,8.0,1,2.0,0,0.0
527,0,0.0,0,0.0,0,0.0,2,10.0,1,3.0,0,0.0
528,0,0.0,0,0.0,0,0.0,2,12.0,1,4.0,0,0.0
529,0,0.0,0,0.0,0,0.0,2,14.0,1,5.0,0,0.0
530,1,1.0,0,0.0,0,0.0,2,16.0,1,6.0,0,0.0
531,0,0.0,0,0.0,0,0.0,0,0.0,1,7.0,0,0.0
532,0,0.0,0,0.0,0,0.0,0,0.0,1,8.0,0,0.0
533,0,0.0,0,0.0,0,0.0,0,0.0,1,9.0,1,1.0
534,0,0.0,0,0.0,0,0.0,0,0.0,1,10.0,1,2.0
535,0,0.0,0,0.0,0,0.0,0,0.0,1,11.0,1,3.0
536,0,0.0,0,0.0,0,0.0,0,0.0,1,12.0,1,4.0
537,0,0.0,0,0.0,0,0.0,0,0.0,1,13.0,1,5.0
538,0,0.0,0,0.0,0,0.0,0,0.0,1,14.0,1,6.0
539,0,0.0,0,0.0,0,0.0,0,0.0,1,15.0,1,7.0
540,0,0.0,0,0.0,0,0.0,0,0.0,1,16.0,1,8.0
541,0,0.0,0,0.0,0,0.0,0,0.0,1,17.0,1,9.0
542,0,0.0,0,0.0,0,0.0,0,0.0,1,18.0,1,10.0
543,0,0.0,0,0.0,0,0.0,0,0.0,1,19.0,1,11.0
544,0,0.0,0,0.0,0,0.0,0,0.0,1,20.0,1,12.0
545,0,0.0,0,0.0,0,0.0,0,0.0,1,21.0,1,13.0
546,0,0.0,0,0.0,0,0.0,1,1.0,1,22.0,1,14.0
547,0,0.0,0,0.0,0,0.0,0,0.0,1,23.0,1,15.0
548,0,0.0,0,0.0,0,0.0,0,0.0,2,25.0,2,17.0
549,0,0.0,0,0.0,0,0.0,1,1.0,2,27.0,2,19.0
550,0,0.0,0,0.0,0,0.0,1,2.0,2,29.0,3,22.0
551,0,0.0,0,0.0,0,0.0,1,3.0,1,4.0,3,25.0
552,0,0.0,0,0.0,0,0.0,1,4.0,1,5.0,3,28.0
553,0,0.0,0,0.0,0,0.0,1,5.0,1,6.0,3,31.0
554,0,0.0,0,0.0,0,0.0,1,6.0,1,7.0,3,34.0
555,0,0.0,0,0.0,0,0.0,1,7.0,1,8.0,3,37.0
556,0,0.0,0,0.0,0,0.0,1,8.0,1,9.0,4,40.0
557,0,0.0,0,0.0,0,0.0,1,9.0,1,10.0,3,43.0
558,0,0.0,0,0.0,0,0.0,1,10.0,1,11.0,3,46.0
559,0,0.0,0,0.0,0,0.0,1,11.0,0,0.0,3,49.0
560,0,0.0,0,0.0,0,0.0,1,12.0,0,0.0,1,11.0
561,0,0.0,0,0.0,0,0.0,1,13.0,0,0.0,1,12.0
562,0,0.0,0,0.0,0,0.0,1,14.0,0,0.0,1,13.0
563,0,0.0,0,0.0,0,0.0,0,0.0,0,0.0,2,14.0
564,0,0.0,0,0.0,0,0.0,0,0.0,0,0.0,2,15.0
565,0,0.0,0,0.0,0,0.0,0,0.0,0,0.0,2,16.0
566,0,0.0,0,0.0,0,0.0,0,0.0,0,0.0,2,17.0
567,0,0.0,0,0.0,0,0.0,0,0.0,0,0.0,2,18.0
568,0,0.0,0,0.0,0,0.0,0,0.0,0,0.0,2,19.0
569,0,0.0,0,0.0,0,0.0,0,0.0,0,0.0,2,20.0
570,0,0.0,0,0.0,0,0.0,0,0.0,0,0.0,0,0.0
571,0,0.0,0,0.0,0,0.0,0,0.0,0,0.0,0,0.0
572,0,0.0,0,0.0,0,0.0,0,0.0,0,0.0,1,1.0
573,1,1.0,0,0.0,0,0.0,0,0.0,0,0.0,1,2.0
574,1,2.0,0,0.0,0,0.0,0,0.0,0,0.0,1,3.0
575,1,3.0,0,0.0,0,0.0,0,0.0,0,0.0,1,4.0
576,1,4.0,0,0.0,0,0.0,0,0.0,0,0.0,1,5.0
577,2,6.0,0,0.0,0,0.0,0,0.0,0,0.0,1,6.0
578,2,8.0,0,0.0,0,0.0,0,0.0,0,0.0,1,7.0
579,2,10.0,0,0.0,0,0.0,0,0.0,0,0.0,1,8.0
580,2,12.0,0,0.0,0,0.0,0,0.0,0,0.0,1,9.0
581,2,14.0,0,0.0,0,0.0,0,0.0,0,0.0,1,10.0
582,2,16.0,0,0.0,0,0.0,0,0.0,0,0.0,1,11.0
583,1,7.0,0,0.0,0,0.0,0,0.0,0,0.0,1,12.0
584,1,8.0,0,0.0,0,0.0,0,0.0,0,0.0,2,13.0
585,1,9.0,0,0.0,0,0.0,0,0.0,0,0.0,3,15.0
586,1,10.0,0,0.0,0,0.0,0,0.0,0,0.0,3,17.0
587,1,11.0,0,0.0,0,0.0,0,0.0,0,0.0,4,19.0
588,1,12.0,0,0.0,0,0.0,0,0.0,0,0.0,0,0.0
589,1,13.0,0,0.0,0,0.0,0,0.0,0,0.0,1,1.0
590,1,14.0,0,0.0,0,0.0,0,0.0,0,0.0,2,3.0
591,0,0.0,0,0.0,0,0.0,0,0.0,0,0.0,2,5.0
592,0,0.0,0,0.0,0,0.0,0,0.0,0,0.0,2,7.0
593,0,0.0,0,0.0,0,0.0,0,0.0,0,0.0,2,9.0
594,0,0.0,0,0.0,0,0.0,0,0.0,0,0.0,2,11.0
595,0,0.0,0,0.0,0,0.0,0,0.0,0,0.0,2,13.0
596,0,0.0,0,0.0,0,0.0,0,0.0,0,0.0,2,15.0
597,0,0.0,0,0.0,0,0.0,0,0.0,0,0.0,2,17.0
598,0,0.0,0,0.0,0,0.0,0,0.0,0,0.0,2,19.0
599,0,0.0,0,0.0,0,0.0,0,0.0,0,0.0,2,21.0
600,0,0.0,0,0.0,0,0.0,0,0.0,0,0.0,2,23.0
601,0,0.0,0,0.0,0,0.0,0,0.0,0,0.0,2,25.0
602,0,0.0,0,0.0,0,0.0,0,0.0,0,0.0,2,27.0
603,0,0.0,0,0.0,1,1.0,0,0.0,0,0.0,2,29.0
604,0,0.0,0,0.0,1,2.0,0,0.0,0,0.0,3,31.0
605,0,0.0,0,0.0,1,3.0,0,0.0,0,0.0,2,33.0
606,0,0.0,0,0.0,1,4.0,0,0.0,0,0.0,2,35.0
607,0,0.0,0,0.0,0,0.0,0,0.0,0,0.0,2,37.0
608,0,0.0,0,0.0,0,0.0,0,0.0,0,0.0,2,39.0
609,0,0.0,0,0.0,0,0.0,0,0.0,0,0.0,3,42.0
610,0,0.0,0,0.0,0,0.0,0,0.0,0,0.0,3,45.0
611,0,0.0,0,0.0,0,0.0,0,0.0,0,0.0,3,48.0
612,0,0.0,0,0.0,0,0.0,0,0.0,0,0.0,4,52.0
613,0,0.0,0,0.0,0,0.0,0,0.0,0,0.0,5,57.0
614,0,0.0,0,0.0,0,0.0,0,0.0,0,0.0,5,62.0
615,0,0.0,0,0.0,0,0.0,0,0.0,0,0.0,5,67.0
616,0,0.0,0,0.0,0,0.0,0,0.0,0,0.0,5,72.0
617,0,0.0,0,0.0,0,0.0,0,0.0,0,0.0,3,42.0
618,0,0.0,0,0.0,0,0.0,0,0.0,0,0.0,2,16.0
619,0,0.0,0,0.0,0,0.0,0,0.0,0,0.0,1,7.0
620,0,0.0,0,0.0,0,0.0,1,0.0,0,0.0,0,0.0
621,0,0.0,0,0.0,0,0.0,0,0.0,0,0.0,0,0.0
622,0,0.0,0,0.0,0,0.0,0,0.0,0,0.0,0,0.0
623,0,0.0,0,0.0,0,0.0,0,0.0,0,0.0,0,0.0
624,0,0.0,0,0.0,0,0.0,0,0.0,0,0.0,0,0.0
625,0,0.0,0,0.0,0,0.0,0,0.0,0,0.0,0,0.0
626,0,0.0,0,0.0,0,0.0,0,0.0,1,1.0,0,0.0
627,0,0.0,0,0.0,0,0.0,0,0.0,1,2.0,0,0.0
628,0,0.0,0,0.0,0,0.0,0,0.0,0,0.0,0,0.0
629,0,0.0,0,0.0,0,0.0,0,0.0,0,0.0,0,0.0
630,0,0.0,0,0.0,0,0.0,0,0.0,0,0.0,0,0.0
631,1,1.0,0,0.0,0,0.0,0,0.0,0,0.0,0,0.0
632,1,2.0,0,0.0,0,0.0,0,0.0,0,0.0,0,0.0
633,1,3.0,0,0.0,0,0.0,0,0.0,0,0.0,0,0.0
634,1,4.0,0,0.0,0,0.0,0,0.0,0,0.0,0,0.0
635,1,5.0,0,0.0,0,0.0,0,0.0,0,0.0,0,0.0
636,1,6.0,0,0.0,0,0.0,0,0.0,0,0.0,0,0.0
637,1,7.0,0,0.0,0,0.0,0,0.0,0,0.0,0,0.0
638,1,8.0,0,0.0,0,0.0,0,0.0,0,0.0,1,1.0
639,1,9.0,0,0.0,0,0.0,1,1.0,0,0.0,1,2.0
640,1,10.0,0,0.0,0,0.0,1,2.0,0,0.0,1,3.0
641,1,11.0,0,0.0,0,0.0,1,3.0,0,0.0,2,5.0
642,1,12.0,0,0.0,0,0.0,1,4.0,0,0.0,2,7.0
643,1,13.0,0,0.0,0,0.0,1,5.0,0,0.0,2,9.0
644,1,14.0,0,0.0,0,0.0,1,6.0,0,0.0,1,7.0
645,0,0.0,0,0.0,0,0.0,1,7.0,0,0.0,1,8.0
646,0,0.0,0,0.0,0,0.0,1,8.0,0,0.0,1,9.0
647,0,0.0,0,0.0,0,0.0,1,9.0,0,0.0,1,10.0
648,0,0.0,0,0.0,0,0.0,1,10.0,0,0.0,1,11.0
649,0,0.0,0,0.0,0,0.0,0,0.0,0,0.0,1,12.0
650,0,0.0,0,0.0,0,0.0,0,0.0,0,0.0,1,13.0
651,0,0.0,0,0.0,0,0.0,0,0.0,0,0.0,1,14.0
652,0,0.0,0,0.0,0,0.0,0,0.0,0,0.0,1,15.0
653,0,0.0,0,0.0,0,0.0,0,0.0,0,0.0,1,16.0
654,0,0.0,0,0.0,0,0.0,0,0.0,0,0.0,1,17.0
655,0,0.0,0,0.0,0,0.0,0,0.0,0,0.0,1,18.0
656,0,0.0,0,0.0,0,0.0,0,0.0,0,0.0,1,19.0
657,0,0.0,0,0.0,0,0.0,0,0.0,0,0.0,1,20.0
658,1,1.0,0,0.0,0,0.0,0,0.0,0,0.0,1,21.0
659,1,2.0,0,0.0,0,0.0,0,0.0,0,0.0,1,22.0
660,0,0.0,0,0.0,0,0.0,0,0.0,0,0.0,1,23.0
661,0,0.0,0,0.0,0,0.0,0,0.0,0,0.0,1,24.0
662,0,0.0,0,0.0,0,0.0,0,0.0,0,0.0,1,25.0
663,0,0.0,0,0.0,0,0.0,0,0.0,0,0.0,1,26.0
664,0,0.0,0,0.0,0,0.0,0,0.0,0,0.0,1,27.0
665,0,0.0,0,0.0,1,1.0,0,0.0,0,0.0,1,28.0
666,0,0.0,0,0.0,0,0.0,0,0.0,0,0.0,1,29.0
667,1,1.0,0,0.0,0,0.0,0,0.0,0,0.0,1,30.0
668,0,0.0,0,0.0,0,0.0,0,0.0,0,0.0,1,31.0
669,0,0.0,0,0.0,0,0.0,0,0.0,0,0.0,1,32.0
670,0,0.0,0,0.0,0,0.0,0,0.0,0,0.0,1,33.0
671,0,0.0,0,0.0,0,0.0,0,0.0,0,0.0,1,34.0
672,0,0.0,0,0.0,0,0.0,1,1.0,0,0.0,2,36.0
673,0,0.0,0,0.0,0,0.0,1,2.0,0,0.0,2,38.0
674,0,0.0,0,0.0,0,0.0,1,3.0,0,0.0,2,40.0
675,0,0.0,0,0.0,0,0.0,1,4.0,0,0.0,2,42.0
676,0,0.0,0,0.0,0,0.0,1,5.0,0,0.0,1,5.0
677,0,0.0,0,0.0,0,0.0,1,6.0,0,0.0,1,6.0
678,0,0.0,0,0.0,0,0.0,2,8.0,0,0.0,1,7.0
679,0,0.0,0,0.0,0,0.0,3,11.0,0,0.0,1,8.0
680,0,0.0,0,0.0,0,0.0,3,14.0,0,0.0,1,9.0
681,0,0.0,0,0.0,0,0.0,1,3.0,0,0.0,1,10.0
682,0,0.0,0,0.0,0,0.0,0,0.0,0,0.0,1,11.0
683,0,0.0,0,0.0,0,0.0,0,0.0,0,0.0,1,12.0
684,0,0.0,0,0.0,0,0.0,0,0.0,0,0.0,1,13.0
685,0,0.0,0,0.0,0,0.0,0,0.0,0,0.0,1,14.0
686,0,0.0,0,0.0,0,0.0,0,0.0,0,0.0,1,15.0
687,0,0.0,0,0.0,0,0.0,0,0.0,1,0.0,1,16.0
688,0,0.0,0,0.0,0,0.0,0,0.0,0,0.0,1,17.0
689,0,0.0,0,0.0,0,0.0,0,0.0,0,0.0,1,18.0
690,0,0.0,0,0.0,0,0.0,0,0.0,0,0.0,1,19.0
691,0,0.0,0,0.0,0,0.0,0,0.0,0,0.0,1,20.0
692,0,0.0,0,0.0,0,0.0,0,0.0,0,0.0,1,21.0
693,0,0.0,0,0.0,0,0.0,1,1.0,0,0.0,1,22.0
694,0,0.0,0,0.0,1,1.0,1,2.0,0,0.0,1,23.0
695,0,0.0,0,0.0,1,2.0,1,3.0,0,0.0,1,24.0
696,0,0.0,0,0.0,1,3.0,2,4.0,0,0.0,2,25.0
697,0,0.0,0,0.0,1,4.0,0,0.0,0,0.0,2,26.0
698,0,0.0,0,0.0,1,5.0,0,0.0,0,0.0,3,28.0
699,0,0.0,1,0.0,1,6.0,0,0.0,0,0.0,3,30.0
700,0,0.0,0,0.0,1,7.0,0,0.0,0,0.0,3,32.0
701,0,0.0,0,0.0,0,0.0,0,0.0,0,0.0,3,34.0
702,0,0.0,0,0.0,0,0.0,0,0.0,0,0.0,4,37.0
703,0,0.0,0,0.0,0,0.0,0,0.0,0,0.0,5,41.0
704,0,0.0,0,0.0,0,0.0,0,0.0,0,0.0,5,45.0
705,0,0.0,0,0.0,0,0.0,0,0.0,0,0.0,5,49.0
706,0,0.0,0,0.0,0,0.0,0,0.0,0,0.0,5,53.0
707,0,0.0,0,0.0,0,0.0,0,0.0,0,0.0,5,57.0
708,0,0.0,0,0.0,0,0.0,0,0.0,0,0.0,5,61.0
709,0,0.0,0,0.0,0,0.0,0,0.0,0,0.0,4,20.0
710,0,0.0,1,1.0,0,0.0,0,0.0,0,0.0,1,13.0
711,0,0.0,0,0.0,0,0.0,0,0.0,0,0.0,2,14.0
712,0,0.0,0,0.0,0,0.0,0,0.0,0,0.0,2,15.0
713,0,0.0,0,0.0,0,0.0,0,0.0,0,0.0,2,16.0
714,0,0.0,0,0.0,0,0.0,0,0.0,0,0.0,3,17.0
715,0,0.0,0,0.0,0,0.0,0,0.0,0,0.0,4,19.0
716,0,0.0,0,0.0,0,0.0,0,0.0,0,0.0,4,21.0
717,0,0.0,0,0.0,0,0.0,0,0.0,0,0.0,4,23.0
718,1,1.0,0,0.0,0,0.0,0,0.0,0,0.0,4,25.0
719,1,2.0,0,0.0,0,0.0,0,0.0,0,0.0,4,27.0
720,0,0.0,0,0.0,0,0.0,0,0.0,0,0.0,4,29.0
721,0,0.0,0,0.0,0,0.0,0,0.0,0,0.0,4,31.0
722,0,0.0,0,0.0,0,0.0,0,0.0,0,0.0,5,33.0
723,0,0.0,0,0.0,0,0.0,0,0.0,0,0.0,5,35.0
724,0,0.0,0,0.0,0,0.0,0,0.0,0,0.0,5,37.0
725,0,0.0,0,0.0,0,0.0,0,0.0,0,0.0,6,40.0
726,0,0.0,0,0.0,0,0.0,0,0.0,0,0.0,6,43.0
727,0,0.0,0,0.0,0,0.0,0,0.0,0,0.0,7,47.0
728,0,0.0,0,0.0,0,0.0,0,0.0,0,0.0,7,51.0
729,0,0.0,0,0.0,0,0.0,0,0.0,0,0.0,8,56.0
730,0,0.0,0,0.0,0,0.0,0,0.0,0,0.0,8,61.0
731,0,0.0,0,0.0,0,0.0,0,0.0,0,0.0,8,66.0
732,0,0.0,0,0.0,0,0.0,0,0.0,0,0.0,8,71.0
733,0,0.0,0,0.0,0,0.0,0,0.0,1,0.0,8,76.0
734,0,0.0,0,0.0,0,0.0,0,0.0,0,0.0,8,81.0
735,0,0.0,0,0.0,0,0.0,0,0.0,0,0.0,4,40.0
736,0,0.0,0,0.0,0,0.0,0,0.0,0,0.0,2,20.0
737,0,0.0,0,0.0,0,0.0,0,0.0,0,0.0,2,22.0
738,0,0.0,0,0.0,0,0.0,0,0.0,0,0.0,2,24.0
739,0,0.0,0,0.0,0,0.0,0,0.0,0,0.0,2,26.0
740,0,0.0,0,0.0,0,0.0,0,0.0,0,0.0,2,28.0
741,0,0.0,0,0.0,0,0.0,0,0.0,0,0.0,2,30.0
742,0,0.0,0,0.0,0,0.0,0,0.0,0,0.0,2,32.0
743,0,0.0,0,0.0,0,0.0,0,0.0,0,0.0,2,34.0
744,0,0.0,0,0.0,0,0.0,0,0.0,0,0.0,2,36.0
745,0,0.0,0,0.0,0,0.0,0,0.0,0,0.0,2,38.0
746,0,0.0,0,0.0,0,0.0,0,0.0,0,0.0,2,40.0
747,0,0.0,0,0.0,0,0.0,1,1.0,1,1.0,2,42.0
748,0,0.0,0,0.0,0,0.0,1,2.0,1,2.0,2,44.0
749,0,0.0,0,0.0,0,0.0,0,0.0,1,3.0,2,46.0
750,0,0.0,0,0.0,0,0.0,1,1.0,1,4.0,3,49.0
751,0,0.0,0,0.0,0,0.0,1,2.0,1,5.0,3,52.0
752,0,0.0,0,0.0,0,0.0,1,3.0,1,6.0,3,55.0
753,0,0.0,0,0.0,0,0.0,1,4.0,1,7.0,3,58.0
754,0,0.0,0,0.0,0,0.0,1,5.0,1,8.0,3,61.0
755,0,0.0,0,0.0,0,0.0,1,6.0,1,9.0,3,64.0
756,0,0.0,0,0.0,0,0.0,1,7.0,1,10.0,3,67.0
757,0,0.0,0,0.0,0,0.0,0,0.0,1,11.0,3,70.0
758,0,0.0,0,0.0,0,0.0,0,0.0,1,12.0,3,73.0
759,0,0.0,0,0.0,0,0.0,0,0.0,1,13.0,3,76.0
760,0,0.0,0,0.0,0,0.0,0,0.0,1,14.0,3,79.0
761,0,0.0,0,0.0,0,0.0,0,0.0,1,15.0,3,82.0
762,1,1.0,0,0.0,0,0.0,0,0.0,1,16.0,4,86.0
763,3,4.0,0,0.0,0,0.0,0,0.0,1,17.0,4,90.0
764,3,7.0,0,0.0,0,0.0,0,0.0,1,18.0,4,94.0
765,4,11.0,0,0.0,0,0.0,0,0.0,1,19.0,2,53.0
766,3,8.0,0,0.0,0,0.0,0,0.0,1,20.0,1,17.0
767,2,8.0,0,0.0,0,0.0,0,0.0,1,21.0,0,0.0
768,2,10.0,0,0.0,0,0.0,0,0.0,1,22.0,0,0.0
769,3,12.0,0,0.0,0,0.0,0,0.0,0,0.0,0,0.0
770,2,14.0,0,0.0,0,0.0,0,0.0,0,0.0,0,0.0
771,2,16.0,0,0.0,0,0.0,0,0.0,0,0.0,0,0.0
772,2,18.0,0,0.0,0,0.0,0,0.0,0,0.0,1,1.0
773,3,21.0,0,0.0,0,0.0,0,0.0,0,0.0,1,2.0
774,2,11.0,0,0.0,0,0.0,0,0.0,0,0.0,1,3.0
775,1,3.0,0,0.0,0,0.0,0,0.0,0,0.0,1,4.0
776,0,0.0,0,0.0,0,0.0,0,0.0,0,0.0,2,6.0
777,0,0.0,0,0.0,0,0.0,0,0.0,0,0.0,2,8.0
778,0,0.0,0,0.0,0,0.0,0,0.0,0,0.0,2,10.0
779,0,0.0,0,0.0,0,0.0,0,0.0,0,0.0,2,12.0
780,0,0.0,0,0.0,0,0.0,0,0.0,0,0.0,1,9.0
781,0,0.0,0,0.0,0,0.0,0,0.0,0,0.0,1,10.0
782,0,0.0,0,0.0,0,0.0,0,0.0,0,0.0,1,11.0
783,0,0.0,0,0.0,0,0.0,0,0.0,0,0.0,1,12.0
784,0,0.0,0,0.0,0,0.0,0,0.0,0,0.0,1,13.0
785,0,0.0,0,0.0,0,0.0,0,0.0,0,0.0,1,14.0
786,0,0.0,0,0.0,0,0.0,0,0.0,0,0.0,1,15.0
787,0,0.0,0,0.0,0,0.0,0,0.0,0,0.0,1,16.0
788,0,0.0,0,0.0,0,0.0,0,0.0,0,0.0,1,17.0
789,0,0.0,0,0.0,0,0.0,0,0.0,0,0.0,1,18.0
790,0,0.0,0,0.0,0,0.0,0,0.0,0,0.0,1,19.0
791,0,0.0,0,0.0,0,0.0,0,0.0,0,0.0,1,20.0
792,0,0.0,0,0.0,0,0.0,0,0.0,0,0.0,2,22.0
793,0,0.0,0,0.0,0,0.0,0,0.0,0,0.0,2,24.0
794,0,0.0,0,0.0,0,0.0,0,0.0,0,0.0,2,26.0
795,0,0.0,0,0.0,0,0.0,0,0.0,0,0.0,3,29.0
796,0,0.0,0,0.0,0,0.0,1,1.0,0,0.0,1,2.0
797,0,0.0,0,0.0,0,0.0,1,2.0,0,0.0,0,0.0
798,0,0.0,0,0.0,0,0.0,1,3.0,0,0.0,0,0.0
799,0,0.0,0,0.0,0,0.0,1,4.0,0,0.0,0,0.0
800,1,1.0,0,0.0,0,0.0,1,5.0,0,0.0,0,0.0
801,1,2.0,0,0.0,0,0.0,1,6.0,0,0.0,0,0.0
802,1,3.0,0,0.0,0,0.0,1,7.0,0,0.0,0,0.0
803,0,0.0,0,0.0,0,0.0,2,9.0,0,0.0,1,1.0
804,0,0.0,0,0.0,0,0.0,2,11.0,0,0.0,1,2.0
805,0,0.0,0,0.0,0,0.0,2,13.0,0,0.0,1,3.0
806,0,0.0,0,0.0,0,0.0,2,15.0,0,0.0,1,4.0
807,0,0.0,0,0.0,0,0.0,2,17.0,0,0.0,1,5.0
808,0,0.0,0,0.0,0,0.0,1,6.0,0,0.0,2,7.0
809,0,0.0,0,0.0,0,0.0,0,0.0,0,0.0,2,9.0
810,0,0.0,0,0.0,0,0.0,0,0.0,0,0.0,2,11.0
811,0,0.0,0,0.0,0,0.0,0,0.0,0,0.0,2,13.0
812,0,0.0,0,0.0,0,0.0,1,1.0,0,0.0,2,15.0
813,0,0.0,0,0.0,0,0.0,1,2.0,0,0.0,2,17.0
814,0,0.0,0,0.0,0,0.0,1,3.0,0,0.0,2,19.0
815,0,0.0,0,0.0,0,0.0,1,4.0,0,0.0,2,21.0
816,1,1.0,0,0.0,0,0.0,0,0.0,0,0.0,2,23.0
817,1,2.0,0,0.0,0,0.0,0,0.0,0,0.0,2,25.0
818,2,4.0,0,0.0,0,0.0,0,0.0,0,0.0,2,27.0
819,2,6.0,0,0.0,0,0.0,0,0.0,0,0.0,2,29.0
820,2,8.0,0,0.0,0,0.0,0,0.0,0,0.0,2,31.0
821,2,10.0,0,0.0,0,0.0,0,0.0,0,0.0,2,33.0
822,1,7.0,0,0.0,0,0.0,0,0.0,0,0.0,2,35.0
823,1,8.0,0,0.0,0,0.0,0,0.0,0,0.0,2,37.0
824,1,9.0,0,0.0,0,0.0,0,0.0,0,0.0,2,39.0
825,1,10.0,0,0.0,0,0.0,0,0.0,0,0.0,2,41.0
826,1,11.0,0,0.0,0,0.0,0,0.0,0,0.0,2,43.0
827,1,12.0,0,0.0,0,0.0,0,0.0,0,0.0,2,45.0
828,1,13.0,0,0.0,0,0.0,0,0.0,0,0.0,3,48.0
829,1,14.0,0,0.0,0,0.0,0,0.0,0,0.0,1,2.0
830,0,0.0,0,0.0,0,0.0,0,0.0,0,0.0,1,3.0
831,0,0.0,0,0.0,0,0.0,0,0.0,0,0.0,1,4.0
832,0,0.0,0,0.0,0,0.0,0,0.0,0,0.0,2,6.0
833,0,0.0,0,0.0,0,0.0,0,0.0,0,0.0,2,8.0
834,0,0.0,0,0.0,0,0.0,0,0.0,0,0.0,2,10.0
835,0,0.0,0,0.0,0,0.0,0,0.0,0,0.0,2,12.0
836,0,0.0,0,0.0,0,0.0,1,0.0,0,0.0,3,15.0
837,0,0.0,0,0.0,0,0.0,0,0.0,0,0.0,3,18.0
838,0,0.0,0,0.0,0,0.0,0,0.0,0,0.0,3,21.0
839,0,0.0,0,0.0,0,0.0,0,0.0,0,0.0,3,24.0
840,0,0.0,0,0.0,0,0.0,0,0.0,1,1.0,2,22.0
841,0,0.0,0,0.0,0,0.0,0,0.0,1,2.0,2,24.0
842,0,0.0,0,0.0,0,0.0,0,0.0,1,3.0,2,26.0
843,1,1.0,0,0.0,0,0.0,0,0.0,1,4.0,3,28.0
844,1,2.0,0,0.0,0,0.0,1,1.0,0,0.0,3,30.0
845,1,3.0,0,0.0,0,0.0,1,2.0,0,0.0,4,32.0
846,1,4.0,0,0.0,0,0.0,1,3.0,0,0.0,4,34.0
847,1,5.0,0,0.0,0,0.0,1,4.0,0,0.0,4,36.0
848,1,6.0,0,0.0,0,0.0,1,5.0,0,0.0,4,38.0
849,1,7.0,0,0.0,0,0.0,1,6.0,0,0.0,4,40.0
850,1,8.0,0,0.0,0,0.0,1,7.0,0,0.0,4,42.0
851,1,9.0,0,0.0,0,0.0,2,9.0,0,0.0,4,44.0
852,1,10.0,0,0.0,0,0.0,2,11.0,0,0.0,5,47.0
853,1,11.0,0,0.0,0,0.0,2,13.0,0,0.0,5,50.0
854,0,0.0,0,0.0,0,0.0,2,15.0,0,0.0,5,53.0
855,0,0.0,0,0.0,0,0.0,2,17.0,0,0.0,5,56.0
856,0,0.0,0,0.0,0,0.0,3,20.0,0,0.0,5,59.0
857,1,1.0,0,0.0,0,0.0,3,23.0,0,0.0,5,62.0
858,1,2.0,0,0.0,0,0.0,3,26.0,0,0.0,4,34.0
859,1,3.0,0,0.0,0,0.0,2,13.0,0,0.0,1,8.0
860,1,4.0,0,0.0,0,0.0,1,5.0,0,0.0,0,0.0
861,1,5.0,0,0.0,0,0.0,1,6.0,0,0.0,0,0.0
862,0,0.0,0,0.0,0,0.0,1,7.0,0,0.0,0,0.0
863,0,0.0,0,0.0,0,0.0,1,8.0,0,0.0,0,0.0
864,0,0.0,0,0.0,0,0.0,1,9.0,0,0.0,0,0.0
865,0,0.0,0,0.0,0,0.0,1,10.0,0,0.0,0,0.0
866,0,0.0,0,0.0,0,0.0,1,11.0,0,0.0,0,0.0
867,0,0.0,0,0.0,0,0.0,0,0.0,0,0.0,0,0.0
868,0,0.0,0,0.0,0,0.0,0,0.0,0,0.0,0,0.0
869,1,1.0,0,0.0,0,0.0,0,0.0,1,1.0,0,0.0
870,1,2.0,0,0.0,0,0.0,0,0.0,0,0.0,0,0.0
871,1,3.0,0,0.0,0,0.0,0,0.0,0,0.0,0,0.0
872,1,4.0,0,0.0,0,0.0,0,0.0,0,0.0,0,0.0
873,1,5.0,0,0.0,0,0.0,0,0.0,0,0.0,1,1.0
874,2,6.0,0,0.0,0,0.0,0,0.0,0,0.0,1,2.0
875,1,7.0,0,0.0,0,0.0,0,0.0,0,0.0,1,3.0
876,1,8.0,0,0.0,0,0.0,0,0.0,0,0.0,1,4.0
877,1,9.0,0,0.0,0,0.0,0,0.0,0,0.0,1,5.0
878,1,10.0,0,0.0,0,0.0,0,0.0,1,1.0,1,6.0
879,1,11.0,0,0.0,0,0.0,0,0.0,1,2.0,1,7.0
880,1,12.0,0,0.0,0,0.0,0,0.0,1,3.0,1,8.0
881,1,13.0,0,0.0,0,0.0,0,0.0,1,4.0,3,10.0
882,1,14.0,0,0.0,0,0.0,0,0.0,1,5.0,3,12.0
883,1,15.0,0,0.0,0,0.0,0,0.0,1,6.0,4,14.0
884,1,16.0,0,0.0,0,0.0,0,0.0,1,7.0,4,16.0
885,1,17.0,0,0.0,0,0.0,0,0.0,1,8.0,2,5.0
886,1,18.0,0,0.0,0,0.0,0,0.0,1,9.0,1,0.0
887,2,20.0,0,0.0,0,0.0,0,0.0,1,10.0,1,0.0
888,2,22.0,0,0.0,0,0.0,0,0.0,1,11.0,1,0.0
889,2,24.0,0,0.0,0,0.0,0,0.0,1,12.0,1,0.0
890,2,26.0,0,0.0,0,0.0,0,0.0,1,13.0,1,0.0
891,2,28.0,0,0.0,0,0.0,0,0.0,1,14.0,1,0.0
892,2,30.0,0,0.0,0,0.0,0,0.0,1,1.0,1,0.0
893,0,0.0,0,0.0,0,0.0,0,0.0,0,0.0,1,0.0
894,0,0.0,0,0.0,0,0.0,0,0.0,0,0.0,1,0.0
895,0,0.0,0,0.0,0,0.0,0,0.0,0,0.0,1,0.0
896,0,0.0,0,0.0,0,0.0,0,0.0,0,0.0,1,0.0
897,0,0.0,0,0.0,0,0.0,2,2.0,0,0.0,1,0.0
898,0,0.0,0,0.0,0,0.0,2,4.0,0,0.0,1,0.0
899,0,0.0,0,0.0,0,0.0,0,0.0,0,0.0,1,0.0
900,0,0.0,0,0.0,0,0.0,0,0.0,0,0.0,1,0.0
901,0,0.0,0,0.0,0,0.0,0,0.0,0,0.0,1,0.0
902,0,0.0,0,0.0,0,0.0,0,0.0,0,0.0,1,0.0
903,0,0.0,0,0.0,0,0.0,0,0.0,0,0.0,1,0.0
904,0,0.0,0,0.0,0,0.0,0,0.0,0,0.0,1,0.0
905,0,0.0,0,0.0,0,0.0,0,0.0,0,0.0,1,0.0
906,0,0.0,0,0.0,0,0.0,0,0.0,0,0.0,1,0.0
907,0,0.0,0,0.0,0,0.0,0,0.0,0,0.0,2,1.0
908,0,0.0,0,0.0,0,0.0,0,0.0,0,0.0,3,3.0
909,0,0.0,0,0.0,0,0.0,0,0.0,0,0.0,3,5.0
910,0,0.0,0,0.0,0,0.0,1,1.0,0,0.0,3,7.0
911,0,0.0,0,0.0,0,0.0,1,2.0,0,0.0,3,9.0
912,0,0.0,0,0.0,0,0.0,1,3.0,0,0.0,3,11.0
913,0,0.0,0,0.0,0,0.0,1,4.0,0,0.0,3,13.0
914,0,0.0,0,0.0,0,0.0,1,5.0,0,0.0,3,15.0
915,0,0.0,0,0.0,0,0.0,1,6.0,0,0.0,3,17.0
916,0,0.0,0,0.0,0,0.0,1,7.0,0,0.0,2,19.0
917,0,0.0,0,0.0,0,0.0,1,8.0,0,0.0,2,21.0
918,0,0.0,0,0.0,0,0.0,1,9.0,0,0.0,2,23.0
919,0,0.0,0,0.0,0,0.0,1,10.0,1,1.0,1,12.0
920,1,1.0,0,0.0,0,0.0,1,11.0,0,0.0,1,13.0
921,1,2.0,0,0.0,0,0.0,1,12.0,0,0.0,1,14.0
922,1,3.0,0,0.0,0,0.0,1,13.0,0,0.0,1,15.0
923,1,4.0,0,0.0,0,0.0,0,0.0,0,0.0,1,16.0
924,0,0.0,0,0.0,0,0.0,0,0.0,0,0.0,1,17.0
925,0,0.0,0,0.0,0,0.0,0,0.0,0,0.0,1,18.0
926,0,0.0,0,0.0,0,0.0,0,0.0,0,0.0,1,19.0
927,0,0.0,0,0.0,0,0.0,0,0.0,0,0.0,1,20.0
928,0,0.0,0,0.0,0,0.0,0,0.0,0,0.0,2,21.0
929,0,0.0,0,0.0,0,0.0,0,0.0,0,0.0,2,22.0
930,0,0.0,0,0.0,0,0.0,0,0.0,0,0.0,2,23.0
931,0,0.0,0,0.0,0,0.0,0,0.0,0,0.0,2,24.0
932,0,0.0,0,0.0,0,0.0,0,0.0,0,0.0,4,27.0
933,0,0.0,0,0.0,0,0.0,0,0.0,0,0.0,4,30.0
934,0,0.0,0,0.0,0,0.0,0,0.0,0,0.0,4,33.0
935,0,0.0,0,0.0,0,0.0,0,0.0,1,1.0,4,36.0
936,1,1.0,0,0.0,0,0.0,1,1.0,0,0.0,4,39.0
937,1,2.0,0,0.0,0,0.0,1,2.0,0,0.0,4,42.0
938,1,3.0,0,0.0,0,0.0,1,3.0,1,1.0,4,45.0
939,1,4.0,0,0.0,0,0.0,2,5.0,1,2.0,4,48.0
940,1,5.0,0,0.0,0,0.0,2,7.0,1,3.0,5,52.0
941,1,6.0,0,0.0,1,1.0,2,9.0,1,4.0,5,56.0
942,1,7.0,0,0.0,1,2.0,2,11.0,1,5.0,5,60.0
943,1,8.0,0,0.0,0,0.0,2,13.0,1,6.0,5,64.0
944,1,9.0,0,0.0,0,0.0,2,15.0,1,7.0,6,69.0
945,1,10.0,0,0.0,0,0.0,2,17.0,1,8.0,6,74.0
946,1,11.0,0,0.0,0,0.0,2,19.0,1,9.0,6,79.0
947,1,12.0,0,0.0,0,0.0,2,21.0,1,10.0,6,84.0
948,1,13.0,0,0.0,0,0.0,2,23.0,1,11.0,6,89.0
949,1,14.0,0,0.0,0,0.0,2,25.0,1,12.0,6,94.0
950,1,15.0,0,0.0,0,0.0,3,28.0,1,13.0,6,99.0
951,0,0.0,0,0.0,0,0.0,3,31.0,1,14.0,3,40.0
952,0,0.0,0,0.0,0,0.0,2,17.0,0,0.0,2,22.0
953,0,0.0,0,0.0,0,0.0,1,4.0,0,0.0,2,24.0
954,0,0.0,0,0.0,0,0.0,0,0.0,0,0.0,2,26.0
955,0,0.0,0,0.0,0,0.0,0,0.0,0,0.0,2,28.0
956,0,0.0,0,0.0,0,0.0,0,0.0,0,0.0,3,31.0
957,0,0.0,0,0.0,0,0.0,0,0.0,0,0.0,3,34.0
958,0,0.0,0,0.0,0,0.0,0,0.0,0,0.0,4,37.0
959,0,0.0,0,0.0,0,0.0,0,0.0,0,0.0,4,40.0
960,0,0.0,0,0.0,0,0.0,0,0.0,0,0.0,3,26.0
961,0,0.0,0,0.0,0,0.0,0,0.0,0,0.0,3,28.0
962,0,0.0,0,0.0,0,0.0,0,0.0,0,0.0,3,30.0
963,0,0.0,0,0.0,0,0.0,0,0.0,0,0.0,3,32.0
964,0,0.0,0,0.0,0,0.0,0,0.0,0,0.0,3,34.0
965,0,0.0,0,0.0,0,0.0,0,0.0,0,0.0,3,36.0
966,0,0.0,0,0.0,0,0.0,0,0.0,0,0.0,3,38.0
967,0,0.0,0,0.0,0,0.0,0,0.0,0,0.0,3,40.0
968,0,0.0,0,0.0,0,0.0,0,0.0,0,0.0,3,42.0
969,0,0.0,0,0.0,0,0.0,0,0.0,0,0.0,3,44.0
970,1,1.0,0,0.0,0,0.0,0,0.0,0,0.0,3,46.0
971,1,2.0,0,0.0,0,0.0,0,0.0,0,0.0,3,48.0
972,1,3.0,0,0.0,0,0.0,0,0.0,0,0.0,3,50.0
973,1,4.0,0,0.0,0,0.0,0,0.0,0,0.0,4,52.0
974,1,5.0,0,0.0,0,0.0,0,0.0,0,0.0,5,55.0
975,1,6.0,0,0.0,0,0.0,1,1.0,0,0.0,5,58.0
976,1,7.0,0,0.0,0,0.0,1,2.0,0,0.0,5,61.0
977,0,0.0,0,0.0,0,0.0,1,3.0,0,0.0,5,64.0
978,0,0.0,0,0.0,0,0.0,1,4.0,0,0.0,5,67.0
979,0,0.0,0,0.0,0,0.0,1,5.0,0,0.0,5,70.0
980,0,0.0,0,0.0,0,0.0,1,6.0,0,0.0,5,73.0
981,0,0.0,0,0.0,0,0.0,1,7.0,0,0.0,5,76.0
982,0,0.0,0,0.0,0,0.0,1,8.0,0,0.0,5,79.0
983,0,0.0,0,0.0,0,0.0,1,9.0,0,0.0,5,82.0
984,0,0.0,0,0.0,0,0.0,1,10.0,0,0.0,5,85.0
985,0,0.0,0,0.0,0,0.0,1,11.0,0,0.0,5,88.0
986,0,0.0,0,0.0,0,0.0,1,12.0,0,0.0,5,91.0
987,0,0.0,0,0.0,0,0.0,1,13.0,0,0.0,5,94.0
988,0,0.0,0,0.0,1,1.0,0,0.0,1,1.0,5,97.0
989,0,0.0,0,0.0,1,2.0,0,0.0,1,2.0,5,100.0
990,0,0.0,0,0.0,1,3.0,0,0.0,0,0.0,2,35.0
991,0,0.0,0,0.0,1,4.0,0,0.0,0,0.0,0,0.0
992,0,0.0,0,0.0,1,5.0,0,0.0,0,0.0,0,0.0
993,0,0.0,0,0.0,1,6.0,0,0.0,0,0.0,0,0.0
994,0,0.0,0,0.0,0,0.0,0,0.0,1,1.0,0,0.0
995,0,0.0,0,0.0,0,0.0,0,0.0,0,0.0,0,0.0
996,0,0.0,0,0.0,0,0.0,0,0.0,0,0.0,0,0.0
997,1,1.0,0,0.0,0,0.0,0,0.0,0,0.0,0,0.0
998,1,2.0,0,0.0,0,0.0,0,0.0,0,0.0,0,0.0
999,1,3.0,1,1.0,0,0.0,0,0.0,0,0.0,0,0.0
1000,1,4.0,1,2.0,0,0.0,0,0.0,0,0.0,0,0.0
1001,1,5.0,1,3.0,0,0.0,0,0.0,0,0.0,1,1.0
1002,1,6.0,1,4.0,0,0.0,0,0.0,0,0.0,1,2.0
1003,1,7.0,1,5.0,0,0.0,0,0.0,1,1.0,1,3.0
1004,1,8.0,1,6.0,0,0.0,0,0.0,1,2.0,1,4.0
1005,1,9.0,1,7.0,0,0.0,0,0.0,1,3.0,1,5.0
1006,1,10.0,0,0.0,0,0.0,0,0.0,1,4.0,2,6.0
1007,1,11.0,0,0.0,0,0.0,0,0.0,1,5.0,2,7.0
1008,1,12.0,1,1.0,0,0.0,0,0.0,1,6.0,2,8.0
1009,0,0.0,1,2.0,0,0.0,0,0.0,1,7.0,2,9.0
1010,0,0.0,1,3.0,0,0.0,0,0.0,1,8.0,2,10.0
1011,0,0.0,1,4.0,0,0.0,0,0.0,0,0.0,2,11.0
1012,0,0.0,1,5.0,0,0.0,0,0.0,0,0.0,2,12.0
1013,0,0.0,1,6.0,0,0.0,0,0.0,0,0.0,2,13.0
1014,0,0.0,1,7.0,0,0.0,0,0.0,0,0.0,2,14.0
1015,0,0.0,1,8.0,0,0.0,0,0.0,0,0.0,2,15.0
1016,0,0.0,1,9.0,0,0.0,0,0.0,0,0.0,2,16.0
1017,0,0.0,1,10.0,0,0.0,0,0.0,0,0.0,2,17.0
1018,0,0.0,0,0.0,0,0.0,0,0.0,0,0.0,2,18.0
1019,0,0.0,0,0.0,0,0.0,0,0.0,0,0.0,2,19.0
1020,0,0.0,0,0.0,0,0.0,0,0.0,0,0.0,2,20.0
1021,0,0.0,0,0.0,0,0.0,0,0.0,0,0.0,2,21.0
1022,0,0.0,0,0.0,0,0.0,0,0.0,0,0.0,2,22.0
1023,0,0.0,0,0.0,0,0.0,0,0.0,0,0.0,2,23.0
1024,0,0.0,0,0.0,0,0.0,0,0.0,0,0.0,2,24.0
1025,0,0.0,0,0.0,0,0.0,0,0.0,0,0.0,2,25.0
1026,0,0.0,0,0.0,0,0.0,0,0.0,0,0.0,2,26.0
1027,0,0.0,0,0.0,0,0.0,0,0.0,0,0.0,2,27.0
1028,0,0.0,0,0.0,0,0.0,1,0.0,0,0.0,2,28.0
1029,0,0.0,0,0.0,0,0.0,0,0.0,0,0.0,2,29.0
1030,0,0.0,0,0.0,0,0.0,0,0.0,0,0.0,4,31.0
1031,0,0.0,0,0.0,0,0.0,0,0.0,0,0.0,4,33.0
1032,0,0.0,0,0.0,0,0.0,0,0.0,0,0.0,4,35.0
1033,1,1.0,0,0.0,0,0.0,0,0.0,0,0.0,4,37.0
1034,1,2.0,0,0.0,0,0.0,0,0.0,0,0.0,4,39.0
1035,1,3.0,0,0.0,0,0.0,0,0.0,0,0.0,5,43.0
1036,1,4.0,0,0.0,0,0.0,0,0.0,0,0.0,5,47.0
1037,1,5.0,0,0.0,0,0.0,0,0.0,1,1.0,3,19.0
1038,1,6.0,0,0.0,0,0.0,0,0.0,1,2.0,2,13.0
1039,1,7.0,0,0.0,0,0.0,1,1.0,1,3.0,2,15.0
1040,1,8.0,0,0.0,0,0.0,1,2.0,1,4.0,2,17.0
1041,0,0.0,0,0.0,0,0.0,1,3.0,1,5.0,2,19.0
1042,0,0.0,0,0.0,0,0.0,1,4.0,1,6.0,2,21.0
1043,0,0.0,0,0.0,0,0.0,0,0.0,1,7.0,4,24.0
1044,0,0.0,0,0.0,0,0.0,0,0.0,1,8.0,4,27.0
1045,0,0.0,0,0.0,0,0.0,0,0.0,1,9.0,4,30.0
1046,0,0.0,0,0.0,0,0.0,0,0.0,1,10.0,4,33.0
1047,0,0.0,0,0.0,0,0.0,0,0.0,1,11.0,4,36.0
1048,0,0.0,0,0.0,0,0.0,0,0.0,1,12.0,4,39.0
1049,0,0.0,0,0.0,0,0.0,0,0.0,1,13.0,4,42.0
1050,0,0.0,0,0.0,0,0.0,0,0.0,0,0.0,4,37.0
1051,0,0.0,0,0.0,0,0.0,0,0.0,0,0.0,4,39.0
1052,0,0.0,0,0.0,0,0.0,0,0.0,0,0.0,5,42.0
1053,0,0.0,0,0.0,0,0.0,0,0.0,0,0.0,5,45.0
1054,0,0.0,0,0.0,0,0.0,0,0.0,0,0.0,5,48.0
1055,0,0.0,0,0.0,0,0.0,0,0.0,0,0.0,5,51.0
1056,0,0.0,0,0.0,0,0.0,0,0.0,0,0.0,5,54.0
1057,0,0.0,0,0.0,0,0.0,0,0.0,0,0.0,5,57.0
1058,0,0.0,0,0.0,0,0.0,0,0.0,0,0.0,5,60.0
1059,0,0.0,0,0.0,0,0.0,0,0.0,0,0.0,5,63.0
1060,0,0.0,0,0.0,0,0.0,0,0.0,0,0.0,5,66.0
1061,1,1.0,0,0.0,0,0.0,0,0.0,0,0.0,6,70.0
1062,1,2.0,0,0.0,0,0.0,0,0.0,0,0.0,6,74.0
1063,1,3.0,0,0.0,0,0.0,0,0.0,0,0.0,6,78.0
1064,1,4.0,0,0.0,0,0.0,0,0.0,0,0.0,6,82.0
1065,1,5.0,0,0.0,0,0.0,0,0.0,0,0.0,6,86.0
1066,0,0.0,0,0.0,0,0.0,0,0.0,0,0.0,7,91.0
1067,0,0.0,0,0.0,0,0.0,0,0.0,0,0.0,7,96.0
1068,0,0.0,0,0.0,0,0.0,0,0.0,0,0.0,7,101.0
1069,0,0.0,0,0.0,0,0.0,0,0.0,0,0.0,7,106.0
1070,0,0.0,0,0.0,0,0.0,0,0.0,0,0.0,3,34.0
1071,0,0.0,0,0.0,0,0.0,0,0.0,0,0.0,2,17.0
1072,0,0.0,0,0.0,0,0.0,0,0.0,0,0.0,2,19.0
1073,0,0.0,0,0.0,0,0.0,0,0.0,0,0.0,2,21.0
1074,0,0.0,0,0.0,0,0.0,0,0.0,0,0.0,2,23.0
1075,0,0.0,0,0.0,0,0.0,1,1.0,0,0.0,2,25.0
1076,0,0.0,0,0.0,0,0.0,1,2.0,1,1.0,2,27.0
1077,0,0.0,0,0.0,0,0.0,1,3.0,1,2.0,3,30.0
1078,0,0.0,0,0.0,0,0.0,1,4.0,1,3.0,3,33.0
1079,0,0.0,0,0.0,0,0.0,1,5.0,1,4.0,3,36.0
1080,0,0.0,0,0.0,0,0.0,0,0.0,1,5.0,1,4.0
1081,0,0.0,0,0.0,0,0.0,0,0.0,1,6.0,0,0.0
1082,0,0.0,0,0.0,0,0.0,0,0.0,1,7.0,0,0.0
1083,0,0.0,0,0.0,0,0.0,0,0.0,1,8.0,0,0.0
1084,0,0.0,0,0.0,0,0.0,0,0.0,1,9.0,0,0.0
1085,0,0.0,0,0.0,0,0.0,0,0.0,1,10.0,0,0.0
1086,0,0.0,0,0.0,0,0.0,0,0.0,1,11.0,0,0.0
1087,0,0.0,0,0.0,0,0.0,0,0.0,1,12.0,1,1.0
1088,0,0.0,0,0.0,0,0.0,0,0.0,1,13.0,1,2.0
1089,0,0.0,0,0.0,0,0.0,0,0.0,1,14.0,1,3.0
1090,0,0.0,0,0.0,1,1.0,0,0.0,1,15.0,1,4.0
1091,0,0.0,0,0.0,1,2.0,0,0.0,1,16.0,1,5.0
1092,0,0.0,0,0.0,1,3.0,0,0.0,1,17.0,1,6.0
1093,0,0.0,0,0.0,1,4.0,0,0.0,1,18.0,1,7.0
1094,0,0.0,0,0.0,0,0.0,0,0.0,0,0.0,2,9.0
1095,0,0.0,0,0.0,0,0.0,0,0.0,0,0.0,2,11.0
1096,0,0.0,0,0.0,0,0.0,0,0.0,0,0.0,2,13.0
1097,0,0.0,0,0.0,0,0.0,0,0.0,0,0.0,2,15.0
1098,0,0.0,0,0.0,0,0.0,0,0.0,0,0.0,1,12.0
1099,0,0.0,0,0.0,0,0.0,0,0.0,0,0.0,1,13.0
1100,0,0.0,0,0.0,0,0.0,0,0.0,0,0.0,2,15.0
1101,0,0.0,0,0.0,0,0.0,0,0.0,0,0.0,2,17.0
1102,0,0.0,0,0.0,0,0.0,0,0.0,0,0.0,3,20.0
1103,0,0.0,0,0.0,0,0.0,0,0.0,0,0.0,3,23.0
1104,0,0.0,0,0.0,0,0.0,0,0.0,0,0.0,3,26.0
1105,0,0.0,0,0.0,0,0.0,0,0.0,0,0.0,3,29.0
1106,0,0.0,0,0.0,0,0.0,0,0.0,0,0.0,4,33.0
1107,0,0.0,0,0.0,0,0.0,0,0.0,0,0.0,4,35.0
1108,0,0.0,0,0.0,0,0.0,0,0.0,0,0.0,3,38.0
1109,1,1.0,0,0.0,0,0.0,0,0.0,0,0.0,3,41.0
1110,1,2.0,0,0.0,0,0.0,0,0.0,0,0.0,1,9.0
1111,1,3.0,0,0.0,0,0.0,0,0.0,0,0.0,0,0.0
1112,1,4.0,0,0.0,0,0.0,0,0.0,0,0.0,0,0.0
1113,1,5.0,0,0.0,0,0.0,1,1.0,0,0.0,0,0.0
1114,1,6.0,0,0.0,0,0.0,0,0.0,0,0.0,0,0.0
1115,1,7.0,0,0.0,0,0.0,0,0.0,0,0.0,1,0.0
1116,1,8.0,0,0.0,0,0.0,0,0.0,0,0.0,0,0.0
1117,1,9.0,0,0.0,0,0.0,0,0.0,0,0.0,0,0.0
1118,1,10.0,0,0.0,0,0.0,0,0.0,0,0.0,0,0.0
1119,1,11.0,0,0.0,0,0.0,0,0.0,0,0.0,0,0.0
1120,1,12.0,0,0.0,0,0.0,0,0.0,0,0.0,0,0.0
1121,1,13.0,0,0.0,0,0.0,0,0.0,0,0.0,1,1.0
1122,1,14.0,0,0.0,0,0.0,0,0.0,0,0.0,1,2.0
1123,1,15.0,0,0.0,0,0.0,1,1.0,0,0.0,1,3.0
1124,1,16.0,0,0.0,0,0.0,1,2.0,0,0.0,1,4.0
1125,1,17.0,0,0.0,0,0.0,1,3.0,0,0.0,1,5.0
1126,1,18.0,0,0.0,0,0.0,1,4.0,0,0.0,1,6.0
1127,1,19.0,0,0.0,0,0.0,1,5.0,0,0.0,1,7.0
1128,1,20.0,0,0.0,0,0.0,1,6.0,0,0.0,1,8.0
1129,0,0.0,0,0.0,0,0.0,1,7.0,0,0.0,1,9.0
1130,0,0.0,0,0.0,0,0.0,0,0.0,0,0.0,1,10.0
1131,0,0.0,0,0.0,0,0.0,0,0.0,0,0.0,1,11.0
1132,0,0.0,0,0.0,0,0.0,0,0.0,0,0.0,2,13.0
1133,0,0.0,0,0.0,0,0.0,0,0.0,0,0.0,3,16.0
1134,0,0.0,0,0.0,0,0.0,0,0.0,0,0.0,3,19.0
1135,0,0.0,0,0.0,0,0.0,0,0.0,0,0.0,3,22.0
1136,0,0.0,0,0.0,0,0.0,0,0.0,0,0.0,3,9.0
1137,0,0.0,0,0.0,0,0.0,0,0.0,0,0.0,2,6.0
1138,0,0.0,0,0.0,0,0.0,0,0.0,0,0.0,2,7.0
1139,0,0.0,1,0.0,0,0.0,0,0.0,0,0.0,3,8.0
1140,0,0.0,0,0.0,0,0.0,0,0.0,0,0.0,3,9.0
1141,0,0.0,0,0.0,0,0.0,0,0.0,0,0.0,3,10.0
1142,0,0.0,0,0.0,0,0.0,0,0.0,0,0.0,3,11.0
1143,0,0.0,0,0.0,0,0.0,0,0.0,0,0.0,4,13.0
1144,0,0.0,0,0.0,0,0.0,0,0.0,0,0.0,4,15.0
1145,0,0.0,0,0.0,0,0.0,0,0.0,0,0.0,4,17.0
1146,0,0.0,0,0.0,0,0.0,0,0.0,0,0.0,4,19.0
1147,0,0.0,0,0.0,0,0.0,0,0.0,0,0.0,4,21.0
1148,0,0.0,0,0.0,0,0.0,0,0.0,0,0.0,4,23.0
1149,0,0.0,0,0.0,0,0.0,0,0.0,0,0.0,4,25.0
1150,0,0.0,0,0.0,0,0.0,0,0.0,0,0.0,4,27.0
1151,0,0.0,0,0.0,0,0.0,0,0.0,0,0.0,4,29.0
1152,0,0.0,0,0.0,0,0.0,0,0.0,0,0.0,4,31.0
1153,1,1.0,0,0.0,0,0.0,0,0.0,0,0.0,4,33.0
1154,1,2.0,0,0.0,0,0.0,0,0.0,0,0.0,5,36.0
1155,1,3.0,0,0.0,0,0.0,0,0.0,0,0.0,5,39.0
1156,1,4.0,0,0.0,0,0.0,0,0.0,0,0.0,3,21.0
1157,1,5.0,0,0.0,0,0.0,0,0.0,0,0.0,1,4.0
1158,1,6.0,0,0.0,0,0.0,0,0.0,0,0.0,1,5.0
1159,1,7.0,0,0.0,0,0.0,0,0.0,1,1.0,1,6.0
1160,1,8.0,0,0.0,0,0.0,0,0.0,1,2.0,1,7.0
1161,0,0.0,0,0.0,0,0.0,0,0.0,1,3.0,1,8.0
1162,0,0.0,0,0.0,0,0.0,0,0.0,1,4.0,1,9.0
1163,0,0.0,0,0.0,0,0.0,0,0.0,1,5.0,1,10.0
1164,0,0.0,0,0.0,0,0.0,0,0.0,0,0.0,1,11.0
1165,0,0.0,0,0.0,0,0.0,0,0.0,0,0.0,1,12.0
1166,0,0.0,0,0.0,0,0.0,0,0.0,0,0.0,1,13.0
1167,0,0.0,0,0.0,0,0.0,0,0.0,0,0.0,1,14.0
1168,0,0.0,0,0.0,0,0.0,0,0.0,0,0.0,1,15.0
1169,0,0.0,0,0.0,0,0.0,0,0.0,0,0.0,1,16.0
1170,0,0.0,0,0.0,0,0.0,0,0.0,0,0.0,1,17.0
1171,0,0.0,0,0.0,0,0.0,0,0.0,0,0.0,1,18.0
1172,0,0.0,0,0.0,0,0.0,0,0.0,0,0.0,1,19.0
1173,0,0.0,0,0.0,0,0.0,0,0.0,0,0.0,1,20.0
1174,0,0.0,0,0.0,0,0.0,0,0.0,0,0.0,1,21.0
1175,0,0.0,0,0.0,0,0.0,0,0.0,0,0.0,1,22.0
1176,0,0.0,0,0.0,0,0.0,0,0.0,0,0.0,1,23.0
1177,0,0.0,0,0.0,0,0.0,0,0.0,0,0.0,1,24.0
1178,0,0.0,0,0.0,0,0.0,0,0.0,0,0.0,1,25.0
1179,0,0.0,0,0.0,0,0.0,0,0.0,0,0.0,2,27.0
1180,0,0.0,0,0.0,0,0.0,0,0.0,0,0.0,2,29.0
1181,0,0.0,0,0.0,0,0.0,0,0.0,0,0.0,2,31.0
1182,0,0.0,0,0.0,0,0.0,0,0.0,0,0.0,2,33.0
1183,0,0.0,0,0.0,0,0.0,0,0.0,0,0.0,2,35.0
1184,0,0.0,0,0.0,0,0.0,0,0.0,0,0.0,2,37.0
1185,0,0.0,0,0.0,0,0.0,0,0.0,0,0.0,2,39.0
1186,0,0.0,0,0.0,0,0.0,0,0.0,0,0.0,2,41.0
1187,1,1.0,0,0.0,0,0.0,0,0.0,1,0.0,1,9.0
1188,1,2.0,0,0.0,0,0.0,0,0.0,0,0.0,2,11.0
1189,1,3.0,0,0.0,0,0.0,0,0.0,0,0.0,2,13.0
1190,0,0.0,0,0.0,0,0.0,0,0.0,0,0.0,2,15.0
1191,0,0.0,0,0.0,0,0.0,0,0.0,0,0.0,2,17.0
1192,0,0.0,0,0.0,0,0.0,0,0.0,0,0.0,2,19.0
1193,0,0.0,0,0.0,0,0.0,0,0.0,0,0.0,2,21.0
1194,0,0.0,0,0.0,0,0.0,0,0.0,0,0.0,2,23.0
1195,0,0.0,0,0.0,0,0.0,0,0.0,0,0.0,2,25.0
1196,0,0.0,0,0.0,0,0.0,0,0.0,0,0.0,2,27.0
1197,0,0.0,0,0.0,0,0.0,0,0.0,0,0.0,2,29.0
1198,0,0.0,0,0.0,0,0.0,0,0.0,0,0.0,2,31.0
1199,0,0.0,0,0.0,0,0.0,0,0.0,0,0.0,2,33.0
1200,0,0.0,0,0.0,0,0.0,0,0.0,0,0.0,0,0.0
1201,0,0.0,0,0.0,0,0.0,0,0.0,0,0.0,1,1.0
1202,0,0.0,0,0.0,0,0.0,0,0.0,0,0.0,2,3.0
1203,0,0.0,0,0.0,0,0.0,0,0.0,0,0.0,2,5.0
1204,0,0.0,0,0.0,0,0.0,0,0.0,0,0.0,2,7.0
1205,0,0.0,0,0.0,0,0.0,0,0.0,0,0.0,3,10.0
1206,0,0.0,0,0.0,0,0.0,0,0.0,0,0.0,3,13.0
1207,0,0.0,0,0.0,0,0.0,0,0.0,0,0.0,3,16.0
1208,0,0.0,0,0.0,0,0.0,0,0.0,0,0.0,3,19.0
1209,1,1.0,0,0.0,0,0.0,0,0.0,0,0.0,3,22.0
1210,1,2.0,0,0.0,0,0.0,0,0.0,0,0.0,3,25.0
1211,2,4.0,0,0.0,0,0.0,0,0.0,0,0.0,3,28.0
1212,2,6.0,0,0.0,0,0.0,0,0.0,0,0.0,3,31.0
1213,2,8.0,0,0.0,0,0.0,0,0.0,0,0.0,4,34.0
1214,2,10.0,0,0.0,0,0.0,0,0.0,0,0.0,4,37.0
1215,2,12.0,0,0.0,0,0.0,1,1.0,0,0.0,4,40.0
1216,3,15.0,0,0.0,0,0.0,1,2.0,0,0.0,4,43.0
1217,3,18.0,0,0.0,0,0.0,1,3.0,0,0.0,4,46.0
1218,3,21.0,0,0.0,0,0.0,1,4.0,0,0.0,2,35.0
1219,3,24.0,0,0.0,0,0.0,1,5.0,0,0.0,2,37.0
1220,3,27.0,0,0.0,0,0.0,1,6.0,0,0.0,2,39.0
1221,3,30.0,0,0.0,0,0.0,0,0.0,0,0.0,2,41.0
1222,2,19.0,0,0.0,0,0.0,0,0.0,0,0.0,2,43.0
1223,1,8.0,0,0.0,0,0.0,0,0.0,0,0.0,2,45.0
1224,0,0.0,0,0.0,0,0.0,0,0.0,0,0.0,2,47.0
1225,1,1.0,0,0.0,0,0.0,0,0.0,0,0.0,2,49.0
1226,1,2.0,0,0.0,0,0.0,0,0.0,1,1.0,2,51.0
1227,1,3.0,0,0.0,0,0.0,0,0.0,1,2.0,2,53.0
1228,1,4.0,0,0.0,0,0.0,0,0.0,1,3.0,2,55.0
1229,1,5.0,0,0.0,0,0.0,0,0.0,1,4.0,2,57.0
1230,0,0.0,0,0.0,0,0.0,0,0.0,0,0.0,2,59.0
1231,1,1.0,0,0.0,0,0.0,0,0.0,0,0.0,2,61.0
1232,1,2.0,0,0.0,0,0.0,0,0.0,0,0.0,2,63.0
1233,1,3.0,0,0.0,0,0.0,0,0.0,0,0.0,2,65.0
1234,1,4.0,0,0.0,0,0.0,0,0.0,0,0.0,2,67.0
1235,0,0.0,0,0.0,0,0.0,0,0.0,0,0.0,2,69.0
1236,0,0.0,0,0.0,0,0.0,0,0.0,0,0.0,2,71.0
1237,0,0.0,0,0.0,0,0.0,0,0.0,1,1.0,2,73.0
1238,0,0.0,0,0.0,0,0.0,0,0.0,1,2.0,3,75.0
1239,0,0.0,0,0.0,0,0.0,0,0.0,1,3.0,3,77.0
1240,0,0.0,0,0.0,0,0.0,0,0.0,1,4.0,3,79.0
1241,0,0.0,0,0.0,0,0.0,0,0.0,2,6.0,3,81.0
1242,0,0.0,0,0.0,0,0.0,0,0.0,0,0.0,3,83.0
1243,0,0.0,0,0.0,0,0.0,0,0.0,0,0.0,3,85.0
1244,0,0.0,0,0.0,0,0.0,0,0.0,0,0.0,3,87.0
1245,0,0.0,0,0.0,0,0.0,0,0.0,0,0.0,3,89.0
1246,0,0.0,0,0.0,0,0.0,0,0.0,0,0.0,3,91.0
1247,0,0.0,0,0.0,0,0.0,0,0.0,0,0.0,3,93.0
1248,0,0.0,0,0.0,0,0.0,0,0.0,0,0.0,3,95.0
1249,0,0.0,0,0.0,0,0.0,0,0.0,0,0.0,4,97.0
1250,0,0.0,0,0.0,0,0.0,0,0.0,0,0.0,4,99.0
1251,0,0.0,0,0.0,0,0.0,0,0.0,0,0.0,4,101.0
1252,0,0.0,0,0.0,0,0.0,0,0.0,0,0.0,4,103.0
1253,0,0.0,0,0.0,0,0.0,0,0.0,0,0.0,4,105.0
1254,0,0.0,0,0.0,0,0.0,0,0.0,0,0.0,4,107.0
1255,0,0.0,0,0.0,0,0.0,0,0.0,0,0.0,4,109.0
1256,0,0.0,0,0.0,0,0.0,0,0.0,0,0.0,5,111.0
1257,0,0.0,0,0.0,0,0.0,0,0.0,0,0.0,5,113.0
1258,0,0.0,0,0.0,0,0.0,0,0.0,0,0.0,5,115.0
1259,0,0.0,0,0.0,0,0.0,0,0.0,0,0.0,5,117.0
1260,0,0.0,0,0.0,0,0.0,0,0.0,0,0.0,1,5.0
1261,0,0.0,0,0.0,0,0.0,0,0.0,0,0.0,0,0.0
1262,0,0.0,0,0.0,0,0.0,1,1.0,0,0.0,0,0.0
1263,0,0.0,0,0.0,0,0.0,1,2.0,0,0.0,0,0.0
1264,0,0.0,0,0.0,0,0.0,0,0.0,0,0.0,0,0.0
1265,0,0.0,0,0.0,0,0.0,0,0.0,0,0.0,0,0.0
1266,0,0.0,0,0.0,0,0.0,0,0.0,0,0.0,0,0.0
1267,0,0.0,0,0.0,0,0.0,0,0.0,0,0.0,0,0.0
1268,0,0.0,0,0.0,0,0.0,0,0.0,0,0.0,0,0.0
1269,0,0.0,0,0.0,0,0.0,0,0.0,0,0.0,0,0.0
1270,0,0.0,0,0.0,0,0.0,0,0.0,0,0.0,1,1.0
1271,0,0.0,0,0.0,0,0.0,0,0.0,0,0.0,1,2.0
1272,0,0.0,0,0.0,0,0.0,0,0.0,0,0.0,1,3.0
1273,0,0.0,0,0.0,0,0.0,0,0.0,0,0.0,1,4.0
1274,0,0.0,0,0.0,0,0.0,0,0.0,0,0.0,1,5.0
1275,0,0.0,0,0.0,0,0.0,0,0.0,0,0.0,2,7.0
1276,0,0.0,0,0.0,0,0.0,0,0.0,0,0.0,2,9.0
1277,0,0.0,0,0.0,0,0.0,1,1.0,0,0.0,2,11.0
1278,0,0.0,0,0.0,0,0.0,1,2.0,0,0.0,3,14.0
1279,0,0.0,0,0.0,0,0.0,1,3.0,0,0.0,4,13.0
1280,0,0.0,0,0.0,0,0.0,0,0.0,0,0.0,3,16.0
1281,0,0.0,0,0.0,0,0.0,0,0.0,0,0.0,1,3.0
1282,0,0.0,0,0.0,0,0.0,0,0.0,0,0.0,1,4.0
1283,0,0.0,0,0.0,0,0.0,0,0.0,0,0.0,1,5.0
1284,0,0.0,0,0.0,0,0.0,0,0.0,0,0.0,1,6.0
1285,0,0.0,0,0.0,0,0.0,0,0.0,0,0.0,1,7.0
1286,0,0.0,0,0.0,0,0.0,0,0.0,0,0.0,1,8.0
1287,0,0.0,0,0.0,0,0.0,0,0.0,0,0.0,1,9.0
1288,0,0.0,0,0.0,0,0.0,0,0.0,0,0.0,1,10.0
1289,0,0.0,0,0.0,0,0.0,0,0.0,0,0.0,1,11.0
1290,0,0.0,0,0.0,0,0.0,0,0.0,0,0.0,1,12.0
1291,0,0.0,0,0.0,0,0.0,0,0.0,0,0.0,1,13.0
1292,0,0.0,0,0.0,0,0.0,0,0.0,0,0.0,1,14.0
1293,0,0.0,0,0.0,0,0.0,0,0.0,0,0.0,1,15.0
1294,0,0.0,0,0.0,1,1.0,0,0.0,0,0.0,1,16.0
1295,0,0.0,0,0.0,1,2.0,0,0.0,0,0.0,1,17.0
1296,0,0.0,0,0.0,0,0.0,0,0.0,0,0.0,1,18.0
1297,0,0.0,0,0.0,0,0.0,0,0.0,0,0.0,1,19.0
1298,0,0.0,0,0.0,0,0.0,0,0.0,0,0.0,1,20.0
1299,0,0.0,0,0.0,0,0.0,0,0.0,0,0.0,1,21.0
1300,0,0.0,0,0.0,0,0.0,0,0.0,0,0.0,1,22.0
1301,0,0.0,0,0.0,0,0.0,0,0.0,0,0.0,1,23.0
1302,0,0.0,0,0.0,0,0.0,0,0.0,0,0.0,1,24.0
1303,0,0.0,0,0.0,0,0.0,0,0.0,0,0.0,1,25.0
1304,0,0.0,0,0.0,0,0.0,0,0.0,0,0.0,1,26.0
1305,0,0.0,0,0.0,1,1.0,0,0.0,0,0.0,1,27.0
1306,0,0.0,0,0.0,1,2.0,0,0.0,0,0.0,1,28.0
1307,0,0.0,0,0.0,1,3.0,0,0.0,0,0.0,1,29.0
1308,0,0.0,0,0.0,1,4.0,0,0.0,0,0.0,0,0.0
1309,0,0.0,0,0.0,1,5.0,0,0.0,0,0.0,0,0.0
1310,0,0.0,0,0.0,1,6.0,0,0.0,0,0.0,0,0.0
1311,0,0.0,0,0.0,1,7.0,0,0.0,0,0.0,0,0.0
1312,0,0.0,0,0.0,0,0.0,0,0.0,0,0.0,0,0.0
1313,0,0.0,0,0.0,0,0.0,0,0.0,0,0.0,1,1.0
1314,0,0.0,0,0.0,0,0.0,0,0.0,0,0.0,1,2.0
1315,0,0.0,0,0.0,0,0.0,0,0.0,0,0.0,1,3.0
1316,0,0.0,0,0.0,0,0.0,1,1.0,1,1.0,1,4.0
1317,0,0.0,0,0.0,0,0.0,1,2.0,1,2.0,1,5.0
1318,0,0.0,0,0.0,0,0.0,1,3.0,1,3.0,1,6.0
1319,1,1.0,0,0.0,0,0.0,1,4.0,1,4.0,1,7.0
1320,0,0.0,0,0.0,0,0.0,0,0.0,0,0.0,1,8.0
1321,0,0.0,0,0.0,0,0.0,0,0.0,0,0.0,1,9.0
1322,0,0.0,0,0.0,0,0.0,0,0.0,0,0.0,2,11.0
1323,0,0.0,0,0.0,0,0.0,0,0.0,0,0.0,2,13.0
1324,0,0.0,0,0.0,0,0.0,0,0.0,0,0.0,2,15.0
1325,0,0.0,0,0.0,0,0.0,0,0.0,0,0.0,2,17.0
1326,0,0.0,0,0.0,0,0.0,0,0.0,0,0.0,2,19.0
1327,0,0.0,0,0.0,0,0.0,0,0.0,0,0.0,2,21.0
1328,0,0.0,0,0.0,0,0.0,0,0.0,0,0.0,3,24.0
1329,0,0.0,0,0.0,0,0.0,0,0.0,0,0.0,3,27.0
1330,0,0.0,0,0.0,0,0.0,0,0.0,0,0.0,3,30.0
1331,0,0.0,0,0.0,0,0.0,0,0.0,0,0.0,3,33.0
1332,0,0.0,0,0.0,0,0.0,0,0.0,0,0.0,3,36.0
1333,0,0.0,0,0.0,0,0.0,0,0.0,1,0.0,3,39.0
1334,0,0.0,0,0.0,0,0.0,0,0.0,0,0.0,4,43.0
1335,0,0.0,0,0.0,0,0.0,0,0.0,0,0.0,4,47.0
1336,0,0.0,0,0.0,0,0.0,0,0.0,0,0.0,2,12.0
1337,0,0.0,0,0.0,0,0.0,0,0.0,0,0.0,2,11.0
1338,0,0.0,0,0.0,0,0.0,0,0.0,0,0.0,2,12.0
1339,0,0.0,0,0.0,0,0.0,0,0.0,0,0.0,2,12.0
1340,1,1.0,0,0.0,0,0.0,0,0.0,0,0.0,2,13.0
1341,1,2.0,0,0.0,0,0.0,0,0.0,0,0.0,2,14.0
1342,1,3.0,0,0.0,0,0.0,0,0.0,0,0.0,2,15.0
1343,1,4.0,0,0.0,0,0.0,0,0.0,0,0.0,2,16.0
1344,1,5.0,0,0.0,0,0.0,0,0.0,0,0.0,3,18.0
1345,1,6.0,0,0.0,0,0.0,0,0.0,0,0.0,3,20.0
1346,1,7.0,0,0.0,0,0.0,0,0.0,0,0.0,3,22.0
1347,1,8.0,0,0.0,0,0.0,0,0.0,0,0.0,4,25.0
1348,1,9.0,0,0.0,0,0.0,0,0.0,0,0.0,5,29.0
1349,0,0.0,0,0.0,0,0.0,0,0.0,0,0.0,5,33.0
1350,0,0.0,0,0.0,0,0.0,0,0.0,0,0.0,5,37.0
1351,0,0.0,0,0.0,0,0.0,0,0.0,0,0.0,5,41.0
1352,0,0.0,0,0.0,0,0.0,0,0.0,0,0.0,5,45.0
1353,0,0.0,0,0.0,0,0.0,0,0.0,0,0.0,5,49.0
1354,0,0.0,0,0.0,0,0.0,0,0.0,0,0.0,6,54.0
1355,0,0.0,1,1.0,0,0.0,0,0.0,0,0.0,7,59.0
1356,0,0.0,1,2.0,0,0.0,0,0.0,0,0.0,7,64.0
1357,0,0.0,1,3.0,0,0.0,0,0.0,0,0.0,7,69.0
1358,0,0.0,1,4.0,0,0.0,0,0.0,0,0.0,7,74.0
1359,0,0.0,1,5.0,0,0.0,0,0.0,0,0.0,7,79.0
1360,0,0.0,1,6.0,0,0.0,0,0.0,0,0.0,7,84.0
1361,0,0.0,1,7.0,0,0.0,0,0.0,0,0.0,7,89.0
1362,0,0.0,0,0.0,0,0.0,0,0.0,0,0.0,7,94.0
1363,0,0.0,0,0.0,0,0.0,0,0.0,0,0.0,7,99.0
1364,0,0.0,0,0.0,0,0.0,0,0.0,0,0.0,7,104.0
1365,0,0.0,0,0.0,0,0.0,0,0.0,0,0.0,7,109.0
1366,0,0.0,0,0.0,0,0.0,1,1.0,0,0.0,7,114.0
1367,0,0.0,0,0.0,0,0.0,1,2.0,0,0.0,7,119.0
1368,0,0.0,0,0.0,0,0.0,1,3.0,0,0.0,7,124.0
1369,0,0.0,0,0.0,0,0.0,1,4.0,0,0.0,4,64.0
1370,0,0.0,0,0.0,0,0.0,1,5.0,0,0.0,2,40.0
1371,0,0.0,0,0.0,0,0.0,1,6.0,0,0.0,2,19.0
1372,0,0.0,0,0.0,0,0.0,1,7.0,0,0.0,1,2.0
1373,0,0.0,0,0.0,0,0.0,1,8.0,0,0.0,1,3.0
1374,0,0.0,0,0.0,0,0.0,1,9.0,0,0.0,1,4.0
1375,0,0.0,0,0.0,0,0.0,1,10.0,0,0.0,3,7.0
1376,0,0.0,0,0.0,0,0.0,1,11.0,0,0.0,3,10.0
1377,0,0.0,0,0.0,0,0.0,2,13.0,0,0.0,3,13.0
1378,0,0.0,0,0.0,0,0.0,2,15.0,0,0.0,3,16.0
1379,0,0.0,0,0.0,0,0.0,0,0.0,0,0.0,3,19.0
1380,0,0.0,0,0.0,0,0.0,0,0.0,0,0.0,3,22.0
1381,1,1.0,0,0.0,0,0.0,0,0.0,0,0.0,3,25.0
1382,1,2.0,0,0.0,0,0.0,0,0.0,0,0.0,3,28.0
1383,1,3.0,0,0.0,0,0.0,0,0.0,0,0.0,3,31.0
1384,1,4.0,0,0.0,1,1.0,0,0.0,0,0.0,3,34.0
1385,1,5.0,0,0.0,1,2.0,0,0.0,0,0.0,3,37.0
1386,1,6.0,0,0.0,1,3.0,0,0.0,0,0.0,3,40.0
1387,1,7.0,0,0.0,0,0.0,0,0.0,0,0.0,3,43.0
1388,1,8.0,0,0.0,0,0.0,0,0.0,0,0.0,3,46.0
1389,1,9.0,0,0.0,0,0.0,0,0.0,0,0.0,4,49.0
1390,1,10.0,0,0.0,0,0.0,0,0.0,0,0.0,3,52.0
1391,2,12.0,0,0.0,0,0.0,0,0.0,0,0.0,3,55.0
1392,2,14.0,0,0.0,0,0.0,0,0.0,0,0.0,3,58.0
1393,1,3.0,0,0.0,0,0.0,0,0.0,0,0.0,3,61.0
1394,1,4.0,0,0.0,0,0.0,0,0.0,0,0.0,3,64.0
1395,2,5.0,0,0.0,0,0.0,0,0.0,0,0.0,4,68.0
1396,2,6.0,0,0.0,0,0.0,0,0.0,0,0.0,4,72.0
1397,2,7.0,0,0.0,0,0.0,0,0.0,0,0.0,4,76.0
1398,2,8.0,0,0.0,0,0.0,0,0.0,0,0.0,4,80.0
1399,2,9.0,0,0.0,0,0.0,0,0.0,0,0.0,4,84.0
1400,2,10.0,0,0.0,0,0.0,0,0.0,0,0.0,6,90.0
1401,2,11.0,0,0.0,0,0.0,0,0.0,0,0.0,4,38.0
1402,2,12.0,0,0.0,0,0.0,0,0.0,0,0.0,2,11.0
1403,0,0.0,0,0.0,0,0.0,0,0.0,0,0.0,2,13.0
1404,0,0.0,0,0.0,0,0.0,0,0.0,0,0.0,2,15.0
1405,0,0.0,0,0.0,0,0.0,0,0.0,0,0.0,2,17.0
1406,0,0.0,0,0.0,0,0.0,0,0.0,0,0.0,3,19.0
1407,0,0.0,0,0.0,0,0.0,0,0.0,0,0.0,3,21.0
1408,0,0.0,0,0.0,0,0.0,0,0.0,0,0.0,3,23.0
1409,0,0.0,0,0.0,0,0.0,1,1.0,0,0.0,3,25.0
1410,1,1.0,0,0.0,0,0.0,1,2.0,0,0.0,0,0.0
1411,1,2.0,0,0.0,0,0.0,1,3.0,0,0.0,0,0.0
1412,1,3.0,0,0.0,0,0.0,1,4.0,0,0.0,3,2.0
1413,2,5.0,0,0.0,0,0.0,1,5.0,0,0.0,3,4.0
1414,2,7.0,0,0.0,0,0.0,0,0.0,0,0.0,4,7.0
1415,2,9.0,0,0.0,0,0.0,0,0.0,0,0.0,5,10.0
1416,2,11.0,0,0.0,0,0.0,0,0.0,0,0.0,5,13.0
1417,2,13.0,0,0.0,0,0.0,0,0.0,0,0.0,7,18.0
1418,2,15.0,0,0.0,0,0.0,0,0.0,0,0.0,7,23.0
1419,2,17.0,0,0.0,0,0.0,0,0.0,0,0.0,7,28.0
1420,2,19.0,0,0.0,0,0.0,0,0.0,0,0.0,7,33.0
1421,2,21.0,0,0.0,0,0.0,0,0.0,0,0.0,7,38.0
1422,2,23.0,0,0.0,0,0.0,0,0.0,0,0.0,8,44.0
1423,2,25.0,0,0.0,0,0.0,0,0.0,0,0.0,9,50.0
1424,2,27.0,0,0.0,0,0.0,0,0.0,0,0.0,9,57.0
1425,2,29.0,0,0.0,0,0.0,0,0.0,1,1.0,9,64.0
1426,1,14.0,0,0.0,0,0.0,0,0.0,1,2.0,10,71.0
1427,0,0.0,0,0.0,0,0.0,0,0.0,1,3.0,10,78.0
1428,0,0.0,0,0.0,0,0.0,0,0.0,1,4.0,10,85.0
1429,0,0.0,0,0.0,0,0.0,0,0.0,1,5.0,10,92.0
1430,0,0.0,0,0.0,0,0.0,0,0.0,1,6.0,10,99.0
1431,1,1.0,0,0.0,0,0.0,0,0.0,1,7.0,11,106.0
1432,1,2.0,0,0.0,0,0.0,0,0.0,1,8.0,9,81.0
1433,1,3.0,0,0.0,0,0.0,0,0.0,1,9.0,8,75.0
1434,0,0.0,0,0.0,0,0.0,0,0.0,1,10.0,8,80.0
1435,0,0.0,0,0.0,0,0.0,0,0.0,1,11.0,8,85.0
1436,0,0.0,0,0.0,0,0.0,0,0.0,1,12.0,8,90.0
1437,0,0.0,0,0.0,0,0.0,0,0.0,1,13.0,9,96.0
1438,0,0.0,0,0.0,0,0.0,0,0.0,1,14.0,9,102.0
1439,0,0.0,0,0.0,0,0.0,0,0.0,2,15.0,10,108.0
1440,1,1.0,0,0.0,0,0.0,0,0.0,0,0.0,6,56.0
1441,1,2.0,0,0.0,0,0.0,0,0.0,1,1.0,4,32.0
1442,1,3.0,0,0.0,0,0.0,0,0.0,2,3.0,2,18.0
1443,1,4.0,0,0.0,0,0.0,1,1.0,2,5.0,2,20.0
1444,1,5.0,0,0.0,0,0.0,1,2.0,2,7.0,1,8.0
1445,1,6.0,0,0.0,0,0.0,1,3.0,2,9.0,0,0.0
1446,1,7.0,0,0.0,0,0.0,0,0.0,2,11.0,0,0.0
1447,1,8.0,0,0.0,0,0.0,0,0.0,2,13.0,0,0.0
1448,1,9.0,0,0.0,0,0.0,0,0.0,2,15.0,0,0.0
1449,1,10.0,0,0.0,0,0.0,1,0.0,2,17.0,0,0.0
1450,1,11.0,0,0.0,0,0.0,1,1.0,2,19.0,0,0.0
1451,1,12.0,0,0.0,0,0.0,1,2.0,2,21.0,0,0.0
1452,1,13.0,0,0.0,0,0.0,1,3.0,1,12.0,0,0.0
1453,1,14.0,0,0.0,0,0.0,1,4.0,1,13.0,0,0.0
1454,1,15.0,0,0.0,0,0.0,1,5.0,1,14.0,0,0.0
1455,1,16.0,0,0.0,0,0.0,1,6.0,1,15.0,0,0.0
1456,0,0.0,0,0.0,0,0.0,1,7.0,1,16.0,0,0.0
1457,0,0.0,0,0.0,0,0.0,2,9.0,1,17.0,0,0.0
1458,0,0.0,0,0.0,0,0.0,2,11.0,1,18.0,0,0.0
1459,0,0.0,0,0.0,0,0.0,2,13.0,1,19.0,0,0.0
1460,0,0.0,0,0.0,0,0.0,2,15.0,0,0.0,1,1.0
1461,0,0.0,0,0.0,0,0.0,2,17.0,0,0.0,1,2.0
1462,0,0.0,0,0.0,0,0.0,1,6.0,0,0.0,1,3.0
1463,0,0.0,0,0.0,0,0.0,1,7.0,0,0.0,1,4.0
1464,0,0.0,0,0.0,0,0.0,1,8.0,0,0.0,1,5.0
1465,0,0.0,0,0.0,0,0.0,1,9.0,0,0.0,1,6.0
1466,0,0.0,0,0.0,0,0.0,1,10.0,0,0.0,2,8.0
1467,0,0.0,0,0.0,0,0.0,1,11.0,0,0.0,2,10.0
1468,0,0.0,0,0.0,0,0.0,1,12.0,0,0.0,2,12.0
1469,0,0.0,0,0.0,0,0.0,1,13.0,0,0.0,2,14.0
1470,1,1.0,0,0.0,0,0.0,1,14.0,0,0.0,2,16.0
1471,1,2.0,0,0.0,0,0.0,1,15.0,0,0.0,3,19.0
1472,1,3.0,0,0.0,0,0.0,1,16.0,0,0.0,3,22.0
1473,1,4.0,0,0.0,0,0.0,1,17.0,0,0.0,3,25.0
1474,1,5.0,0,0.0,0,0.0,1,18.0,1,1.0,3,28.0
1475,1,6.0,0,0.0,0,0.0,1,19.0,1,2.0,3,31.0
1476,1,7.0,0,0.0,0,0.0,1,20.0,0,0.0,3,34.0
1477,1,8.0,0,0.0,0,0.0,1,21.0,0,0.0,3,37.0
1478,1,9.0,0,0.0,0,0.0,1,22.0,0,0.0,3,40.0
1479,1,10.0,0,0.0,0,0.0,1,23.0,0,0.0,3,43.0
1480,1,11.0,0,0.0,0,0.0,1,24.0,0,0.0,4,47.0
1481,1,12.0,0,0.0,0,0.0,1,25.0,0,0.0,4,51.0
1482,1,13.0,0,0.0,0,0.0,1,26.0,0,0.0,4,55.0
1483,0,0.0,0,0.0,0,0.0,1,27.0,0,0.0,4,59.0
1484,0,0.0,0,0.0,0,0.0,1,28.0,0,0.0,4,63.0
1485,0,0.0,0,0.0,0,0.0,1,29.0,0,0.0,4,67.0
1486,1,1.0,0,0.0,0,0.0,1,30.0,0,0.0,3,44.0
1487,1,2.0,0,0.0,0,0.0,1,31.0,0,0.0,2,25.0
1488,1,3.0,0,0.0,0,0.0,1,32.0,0,0.0,1,9.0
1489,1,4.0,0,0.0,0,0.0,0,0.0,0,0.0,1,1.0
1490,1,5.0,0,0.0,0,0.0,0,0.0,1,1.0,1,2.0
1491,0,0.0,0,0.0,0,0.0,0,0.0,1,2.0,1,3.0
1492,0,0.0,0,0.0,0,0.0,0,0.0,0,0.0,1,4.0
1493,0,0.0,0,0.0,0,0.0,0,0.0,0,0.0,1,5.0
1494,0,0.0,0,0.0,0,0.0,0,0.0,0,0.0,1,6.0
1495,0,0.0,0,0.0,0,0.0,0,0.0,0,0.0,1,7.0
1496,0,0.0,0,0.0,0,0.0,0,0.0,0,0.0,1,8.0
1497,0,0.0,0,0.0,0,0.0,0,0.0,0,0.0,2,9.0
1498,0,0.0,0,0.0,0,0.0,0,0.0,0,0.0,2,10.0
1499,0,0.0,0,0.0,0,0.0,0,0.0,0,0.0,3,12.0
1500,0,0.0,0,0.0,0,0.0,0,0.0,0,0.0,2,2.0
1501,0,0.0,0,0.0,0,0.0,0,0.0,0,0.0,1,0.0
1502,0,0.0,0,0.0,0,0.0,0,0.0,0,0.0,1,0.0
1503,0,0.0,0,0.0,0,0.0,0,0.0,0,0.0,2,1.0
1504,0,0.0,0,0.0,0,0.0,0,0.0,1,1.0,3,3.0
1505,0,0.0,0,0.0,0,0.0,0,0.0,1,2.0,3,5.0
1506,0,0.0,0,0.0,0,0.0,0,0.0,1,3.0,3,7.0
1507,0,0.0,0,0.0,0,0.0,0,0.0,1,4.0,5,11.0
1508,0,0.0,0,0.0,0,0.0,0,0.0,2,6.0,5,15.0
1509,1,0.0,0,0.0,0,0.0,0,0.0,2,8.0,5,19.0
1510,0,0.0,0,0.0,0,0.0,0,0.0,2,10.0,5,23.0
1511,0,0.0,0,0.0,0,0.0,0,0.0,3,13.0,6,27.0
1512,0,0.0,0,0.0,0,0.0,0,0.0,3,16.0,6,31.0
1513,1,1.0,0,0.0,0,0.0,0,0.0,3,19.0,6,35.0
1514,2,3.0,0,0.0,0,0.0,0,0.0,3,22.0,6,39.0
1515,2,5.0,0,0.0,0,0.0,0,0.0,3,25.0,7,43.0
1516,3,8.0,0,0.0,0,0.0,1,1.0,3,28.0,7,47.0
1517,2,6.0,0,0.0,0,0.0,1,2.0,3,31.0,6,51.0
1518,2,8.0,0,0.0,0,0.0,1,3.0,3,34.0,6,55.0
1519,2,10.0,0,0.0,0,0.0,1,4.0,2,21.0,6,59.0
1520,2,12.0,0,0.0,1,1.0,1,5.0,1,10.0,4,45.0
1521,2,14.0,0,0.0,1,2.0,0,0.0,0,0.0,3,33.0
1522,2,16.0,0,0.0,1,3.0,0,0.0,0,0.0,3,35.0
1523,2,18.0,0,0.0,0,0.0,0,0.0,0,0.0,3,37.0
1524,2,20.0,0,0.0,0,0.0,0,0.0,0,0.0,3,39.0
1525,1,10.0,0,0.0,0,0.0,0,0.0,0,0.0,3,41.0
1526,0,0.0,0,0.0,0,0.0,0,0.0,0,0.0,3,43.0
1527,0,0.0,0,0.0,0,0.0,0,0.0,0,0.0,3,45.0
1528,0,0.0,0,0.0,0,0.0,0,0.0,0,0.0,3,47.0
1529,0,0.0,0,0.0,0,0.0,0,0.0,0,0.0,3,49.0
1530,0,0.0,0,0.0,0,0.0,0,0.0,0,0.0,3,51.0
1531,0,0.0,0,0.0,0,0.0,0,0.0,0,0.0,3,53.0
1532,0,0.0,0,0.0,0,0.0,0,0.0,0,0.0,3,55.0
1533,0,0.0,0,0.0,0,0.0,0,0.0,0,0.0,3,57.0
1534,0,0.0,0,0.0,0,0.0,0,0.0,0,0.0,3,59.0
1535,1,1.0,0,0.0,0,0.0,0,0.0,0,0.0,3,61.0
1536,1,2.0,0,0.0,0,0.0,0,0.0,0,0.0,3,63.0
1537,2,4.0,0,0.0,0,0.0,0,0.0,0,0.0,4,66.0
1538,2,6.0,0,0.0,0,0.0,0,0.0,0,0.0,4,69.0
1539,2,8.0,0,0.0,0,0.0,0,0.0,0,0.0,5,72.0
1540,2,10.0,0,0.0,0,0.0,0,0.0,0,0.0,5,75.0
1541,2,12.0,0,0.0,0,0.0,0,0.0,0,0.0,5,78.0
1542,2,14.0,0,0.0,0,0.0,0,0.0,0,0.0,5,81.0
1543,3,16.0,0,0.0,0,0.0,0,0.0,0,0.0,5,84.0
1544,3,18.0,0,0.0,0,0.0,0,0.0,0,0.0,5,87.0
1545,5,21.0,0,0.0,0,0.0,0,0.0,0,0.0,3,81.0
1546,6,24.0,0,0.0,0,0.0,0,0.0,0,0.0,3,83.0
1547,6,27.0,0,0.0,0,0.0,0,0.0,0,0.0,3,85.0
1548,6,30.0,0,0.0,0,0.0,0,0.0,0,0.0,4,87.0
1549,4,18.0,0,0.0,0,0.0,0,0.0,0,0.0,5,89.0
1550,2,6.0,0,0.0,0,0.0,1,1.0,0,0.0,4,91.0
1551,0,0.0,0,0.0,0,0.0,1,2.0,0,0.0,4,93.0
1552,0,0.0,0,0.0,0,0.0,1,3.0,0,0.0,4,95.0
1553,0,0.0,0,0.0,0,0.0,1,4.0,0,0.0,4,97.0
1554,0,0.0,0,0.0,0,0.0,1,5.0,0,0.0,4,99.0
1555,0,0.0,0,0.0,0,0.0,1,6.0,0,0.0,4,101.0
1556,0,0.0,0,0.0,0,0.0,0,0.0,0,0.0,4,103.0
1557,0,0.0,0,0.0,0,0.0,0,0.0,0,0.0,4,105.0
1558,0,0.0,0,0.0,0,0.0,0,0.0,0,0.0,4,107.0
1559,0,0.0,0,0.0,0,0.0,1,1.0,0,0.0,4,109.0
1560,0,0.0,0,0.0,0,0.0,1,2.0,0,0.0,0,0.0
1561,0,0.0,0,0.0,0,0.0,1,3.0,0,0.0,0,0.0
1562,0,0.0,0,0.0,0,0.0,1,4.0,0,0.0,2,2.0
1563,0,0.0,0,0.0,0,0.0,1,5.0,0,0.0,4,5.0
1564,0,0.0,0,0.0,0,0.0,0,0.0,0,0.0,4,8.0
1565,0,0.0,0,0.0,0,0.0,0,0.0,0,0.0,4,11.0
1566,0,0.0,0,0.0,0,0.0,0,0.0,0,0.0,5,15.0
1567,1,1.0,0,0.0,0,0.0,0,0.0,0,0.0,5,19.0
1568,1,2.0,0,0.0,0,0.0,0,0.0,0,0.0,5,23.0
1569,1,3.0,0,0.0,0,0.0,0,0.0,0,0.0,5,27.0
1570,1,4.0,0,0.0,0,0.0,0,0.0,0,0.0,6,31.0
1571,1,5.0,0,0.0,0,0.0,0,0.0,0,0.0,6,36.0
1572,1,6.0,0,0.0,0,0.0,0,0.0,0,0.0,6,41.0
1573,1,7.0,0,0.0,0,0.0,0,0.0,0,0.0,7,47.0
1574,1,8.0,0,0.0,0,0.0,0,0.0,0,0.0,7,53.0
1575,1,9.0,0,0.0,0,0.0,0,0.0,0,0.0,7,59.0
1576,1,10.0,0,0.0,0,0.0,0,0.0,0,0.0,8,65.0
1577,1,11.0,0,0.0,0,0.0,0,0.0,0,0.0,8,71.0
1578,1,12.0,0,0.0,0,0.0,1,0.0,0,0.0,8,77.0
1579,1,13.0,0,0.0,0,0.0,0,0.0,0,0.0,8,83.0
1580,0,0.0,0,0.0,0,0.0,0,0.0,0,0.0,5,66.0
1581,0,0.0,0,0.0,0,0.0,0,0.0,0,0.0,5,70.0
1582,0,0.0,0,0.0,0,0.0,0,0.0,0,0.0,6,75.0
1583,0,0.0,0,0.0,0,0.0,1,1.0,0,0.0,6,80.0
1584,0,0.0,0,0.0,0,0.0,1,2.0,0,0.0,6,85.0
1585,0,0.0,0,0.0,0,0.0,1,3.0,0,0.0,6,90.0
1586,0,0.0,0,0.0,0,0.0,2,5.0,1,1.0,6,95.0
1587,0,0.0,0,0.0,0,0.0,2,7.0,1,2.0,6,100.0
1588,0,0.0,0,0.0,0,0.0,2,9.0,1,3.0,6,105.0
1589,0,0.0,0,0.0,0,0.0,0,0.0,1,4.0,6,110.0
1590,0,0.0,0,0.0,0,0.0,0,0.0,0,0.0,3,58.0
1591,0,0.0,0,0.0,0,0.0,0,0.0,0,0.0,1,10.0
1592,0,0.0,0,0.0,0,0.0,0,0.0,0,0.0,1,1.0
1593,0,0.0,0,0.0,0,0.0,0,0.0,0,0.0,1,0.0
1594,0,0.0,0,0.0,0,0.0,0,0.0,0,0.0,0,0.0
1595,0,0.0,0,0.0,0,0.0,0,0.0,0,0.0,0,0.0
1596,0,0.0,0,0.0,0,0.0,0,0.0,0,0.0,0,0.0
1597,0,0.0,0,0.0,0,0.0,0,0.0,0,0.0,0,0.0
1598,0,0.0,0,0.0,0,0.0,0,0.0,0,0.0,0,0.0
1599,0,0.0,0,0.0,0,0.0,0,0.0,0,0.0,0,0.0
1600,0,0.0,0,0.0,0,0.0,0,0.0,0,0.0,0,0.0
1601,0,0.0,0,0.0,0,0.0,1,1.0,0,0.0,0,0.0
1602,0,0.0,0,0.0,0,0.0,1,2.0,0,0.0,0,0.0
1603,0,0.0,0,0.0,0,0.0,1,3.0,0,0.0,0,0.0
1604,0,0.0,0,0.0,0,0.0,1,4.0,1,1.0,0,0.0
1605,0,0.0,0,0.0,0,0.0,1,5.0,1,2.0,0,0.0
1606,0,0.0,0,0.0,0,0.0,1,6.0,1,3.0,0,0.0
1607,1,1.0,0,0.0,0,0.0,1,7.0,1,4.0,0,0.0
1608,1,2.0,0,0.0,0,0.0,1,8.0,1,5.0,0,0.0
1609,1,3.0,0,0.0,0,0.0,1,9.0,0,0.0,0,0.0
1610,2,5.0,0,0.0,0,0.0,1,10.0,0,0.0,0,0.0
1611,2,7.0,0,0.0,0,0.0,1,11.0,0,0.0,0,0.0
1612,2,9.0,0,0.0,0,0.0,1,12.0,0,0.0,0,0.0
1613,2,11.0,0,0.0,0,0.0,0,0.0,0,0.0,0,0.0
1614,2,13.0,0,0.0,0,0.0,0,0.0,0,0.0,0,0.0
1615,2,15.0,0,0.0,0,0.0,0,0.0,0,0.0,0,0.0
1616,1,7.0,0,0.0,0,0.0,0,0.0,0,0.0,1,1.0
1617,0,0.0,0,0.0,1,1.0,0,0.0,0,0.0,2,2.0
1618,0,0.0,0,0.0,2,2.0,0,0.0,0,0.0,2,3.0
1619,0,0.0,0,0.0,2,3.0,1,1.0,0,0.0,2,4.0
1620,0,0.0,0,0.0,2,4.0,0,0.0,0,0.0,2,5.0
1621,0,0.0,0,0.0,2,5.0,0,0.0,0,0.0,2,6.0
1622,0,0.0,0,0.0,2,6.0,0,0.0,0,0.0,2,7.0
1623,0,0.0,0,0.0,2,7.0,0,0.0,0,0.0,2,8.0
1624,1,1.0,0,0.0,0,0.0,0,0.0,0,0.0,2,9.0
1625,1,2.0,0,0.0,0,0.0,0,0.0,0,0.0,2,10.0
1626,1,3.0,0,0.0,0,0.0,0,0.0,0,0.0,2,11.0
1627,1,4.0,0,0.0,0,0.0,0,0.0,0,0.0,3,13.0
1628,1,5.0,0,0.0,0,0.0,0,0.0,0,0.0,3,15.0
1629,1,6.0,0,0.0,0,0.0,0,0.0,0,0.0,3,17.0
1630,2,7.0,0,0.0,0,0.0,1,1.0,0,0.0,3,19.0
1631,2,8.0,0,0.0,0,0.0,1,2.0,0,0.0,3,21.0
1632,2,9.0,0,0.0,0,0.0,1,3.0,0,0.0,4,24.0
1633,2,10.0,0,0.0,0,0.0,1,4.0,0,0.0,4,27.0
1634,2,11.0,0,0.0,0,0.0,1,5.0,0,0.0,2,9.0
1635,2,12.0,0,0.0,0,0.0,1,6.0,0,0.0,1,9.0
1636,2,13.0,0,0.0,0,0.0,1,7.0,0,0.0,1,10.0
1637,2,14.0,0,0.0,0,0.0,1,8.0,0,0.0,1,11.0
1638,2,15.0,0,0.0,0,0.0,1,9.0,0,0.0,1,12.0
1639,3,17.0,0,0.0,0,0.0,1,10.0,0,0.0,1,13.0
1640,4,20.0,0,0.0,0,0.0,0,0.0,0,0.0,1,14.0
1641,2,5.0,0,0.0,0,0.0,0,0.0,0,0.0,1,15.0
1642,1,3.0,0,0.0,0,0.0,0,0.0,0,0.0,1,16.0
1643,0,0.0,0,0.0,0,0.0,0,0.0,0,0.0,1,17.0
1644,0,0.0,0,0.0,0,0.0,0,0.0,0,0.0,1,18.0
1645,0,0.0,0,0.0,0,0.0,0,0.0,0,0.0,1,19.0
1646,0,0.0,0,0.0,0,0.0,0,0.0,0,0.0,1,20.0
1647,0,0.0,0,0.0,0,0.0,1,1.0,0,0.0,1,21.0
1648,0,0.0,0,0.0,0,0.0,1,2.0,0,0.0,1,22.0
1649,0,0.0,0,0.0,0,0.0,1,3.0,0,0.0,1,23.0
1650,0,0.0,0,0.0,0,0.0,0,0.0,0,0.0,1,24.0
1651,0,0.0,0,0.0,0,0.0,1,1.0,0,0.0,1,25.0
1652,0,0.0,0,0.0,0,0.0,1,2.0,0,0.0,1,26.0
1653,0,0.0,0,0.0,0,0.0,1,3.0,0,0.0,1,27.0
1654,0,0.0,0,0.0,0,0.0,1,4.0,0,0.0,1,28.0
1655,0,0.0,0,0.0,0,0.0,1,5.0,0,0.0,1,29.0
1656,0,0.0,0,0.0,0,0.0,0,0.0,0,0.0,1,30.0
1657,0,0.0,0,0.0,0,0.0,0,0.0,0,0.0,1,31.0
1658,0,0.0,0,0.0,0,0.0,0,0.0,0,0.0,2,33.0
1659,0,0.0,0,0.0,1,0.0,1,1.0,0,0.0,2,35.0
1660,0,0.0,0,0.0,0,0.0,1,2.0,0,0.0,2,37.0
1661,0,0.0,0,0.0,0,0.0,1,3.0,0,0.0,2,39.0
1662,0,0.0,0,0.0,0,0.0,1,4.0,0,0.0,2,41.0
1663,0,0.0,0,0.0,0,0.0,1,5.0,0,0.0,2,43.0
1664,0,0.0,0,0.0,0,0.0,1,6.0,0,0.0,2,45.0
1665,0,0.0,0,0.0,0,0.0,1,7.0,0,0.0,2,47.0
1666,0,0.0,0,0.0,0,0.0,1,8.0,0,0.0,1,9.0
1667,0,0.0,0,0.0,0,0.0,1,9.0,0,0.0,0,0.0
1668,0,0.0,0,0.0,0,0.0,1,10.0,0,0.0,1,0.0
1669,0,0.0,0,0.0,0,0.0,1,11.0,0,0.0,0,0.0
1670,0,0.0,0,0.0,0,0.0,1,12.0,0,0.0,0,0.0
1671,0,0.0,0,0.0,0,0.0,1,13.0,0,0.0,0,0.0
1672,0,0.0,0,0.0,0,0.0,0,0.0,0,0.0,0,0.0
1673,0,0.0,0,0.0,0,0.0,0,0.0,0,0.0,1,1.0
1674,0,0.0,0,0.0,0,0.0,0,0.0,0,0.0,1,2.0
1675,0,0.0,0,0.0,0,0.0,0,0.0,0,0.0,1,3.0
1676,0,0.0,0,0.0,0,0.0,0,0.0,0,0.0,1,4.0
1677,0,0.0,0,0.0,0,0.0,0,0.0,0,0.0,1,5.0
1678,0,0.0,0,0.0,0,0.0,0,0.0,0,0.0,1,6.0
1679,0,0.0,0,0.0,0,0.0,0,0.0,0,0.0,1,7.0
1680,0,0.0,0,0.0,0,0.0,0,0.0,0,0.0,1,8.0
1681,0,0.0,0,0.0,0,0.0,0,0.0,0,0.0,2,9.0
1682,0,0.0,0,0.0,0,0.0,0,0.0,0,0.0,1,10.0
1683,0,0.0,0,0.0,0,0.0,0,0.0,0,0.0,1,11.0
1684,0,0.0,0,0.0,0,0.0,0,0.0,0,0.0,1,12.0
1685,0,0.0,0,0.0,1,1.0,0,0.0,0,0.0,1,13.0
1686,1,1.0,0,0.0,1,2.0,0,0.0,0,0.0,1,14.0
1687,1,2.0,0,0.0,1,3.0,0,0.0,0,0.0,2,15.0
1688,1,3.0,0,0.0,1,4.0,0,0.0,0,0.0,2,16.0
1689,1,4.0,0,0.0,1,5.0,0,0.0,0,0.0,2,17.0
1690,1,5.0,0,0.0,1,6.0,1,1.0,0,0.0,2,18.0
1691,1,6.0,0,0.0,0,0.0,1,2.0,0,0.0,2,19.0
1692,1,7.0,0,0.0,0,0.0,1,3.0,0,0.0,3,21.0
1693,1,8.0,0,0.0,0,0.0,1,4.0,0,0.0,3,23.0
1694,1,9.0,0,0.0,0,0.0,1,5.0,0,0.0,3,25.0
1695,2,11.0,0,0.0,0,0.0,1,6.0,0,0.0,3,27.0
1696,2,13.0,0,0.0,0,0.0,1,7.0,0,0.0,3,29.0
1697,3,16.0,0,0.0,0,0.0,1,8.0,0,0.0,4,32.0
1698,3,19.0,0,0.0,0,0.0,1,9.0,0,0.0,4,35.0
1699,3,22.0,0,0.0,0,0.0,1,10.0,0,0.0,4,38.0
1700,3,25.0,0,0.0,0,0.0,1,11.0,0,0.0,4,41.0
1701,1,7.0,0,0.0,0,0.0,1,12.0,0,0.0,4,44.0
1702,0,0.0,0,0.0,0,0.0,1,13.0,0,0.0,4,47.0
1703,0,0.0,0,0.0,0,0.0,2,15.0,0,0.0,4,50.0
1704,0,0.0,0,0.0,0,0.0,1,2.0,0,0.0,2,21.0
1705,0,0.0,0,0.0,0,0.0,1,3.0,0,0.0,1,9.0
1706,1,1.0,0,0.0,0,0.0,1,4.0,0,0.0,1,10.0
1707,1,2.0,0,0.0,0,0.0,1,5.0,0,0.0,1,11.0
1708,1,3.0,0,0.0,0,0.0,1,6.0,0,0.0,1,12.0
1709,1,4.0,0,0.0,0,0.0,1,7.0,0,0.0,1,13.0
1710,0,0.0,0,0.0,0,0.0,0,0.0,0,0.0,1,14.0
1711,0,0.0,0,0.0,0,0.0,0,0.0,0,0.0,1,15.0
1712,0,0.0,0,0.0,0,0.0,0,0.0,0,0.0,1,16.0
1713,0,0.0,0,0.0,0,0.0,0,0.0,0,0.0,1,17.0
1714,0,0.0,0,0.0,0,0.0,0,0.0,0,0.0,1,18.0
1715,0,0.0,0,0.0,0,0.0,0,0.0,0,0.0,1,19.0
1716,0,0.0,0,0.0,0,0.0,1,0.0,0,0.0,1,20.0
1717,0,0.0,0,0.0,0,0.0,0,0.0,0,0.0,1,21.0
1718,0,0.0,0,0.0,0,0.0,0,0.0,0,0.0,1,22.0
1719,0,0.0,0,0.0,0,0.0,0,0.0,0,0.0,1,23.0
1720,0,0.0,0,0.0,0,0.0,0,0.0,0,0.0,1,24.0
1721,0,0.0,0,0.0,0,0.0,0,0.0,0,0.0,1,25.0
1722,0,0.0,0,0.0,0,0.0,0,0.0,0,0.0,1,26.0
1723,0,0.0,0,0.0,0,0.0,1,1.0,0,0.0,1,27.0
1724,0,0.0,0,0.0,0,0.0,1,2.0,0,0.0,1,28.0
1725,0,0.0,0,0.0,0,0.0,1,3.0,0,0.0,1,29.0
1726,0,0.0,0,0.0,0,0.0,1,4.0,0,0.0,1,30.0
1727,0,0.0,0,0.0,0,0.0,1,5.0,0,0.0,1,31.0
1728,0,0.0,0,0.0,0,0.0,1,6.0,0,0.0,1,32.0
1729,0,0.0,0,0.0,0,0.0,1,7.0,0,0.0,1,33.0
1730,0,0.0,0,0.0,0,0.0,1,8.0,0,0.0,0,0.0
1731,0,0.0,0,0.0,0,0.0,1,9.0,0,0.0,0,0.0
1732,0,0.0,0,0.0,0,0.0,1,10.0,0,0.0,0,0.0
1733,0,0.0,0,0.0,0,0.0,1,11.0,1,1.0,0,0.0
1734,1,1.0,0,0.0,0,0.0,1,12.0,1,2.0,0,0.0
1735,1,2.0,0,0.0,0,0.0,1,13.0,1,3.0,0,0.0
1736,1,3.0,0,0.0,0,0.0,1,14.0,1,4.0,0,0.0
1737,1,4.0,0,0.0,0,0.0,0,0.0,1,5.0,0,0.0
1738,0,0.0,0,0.0,0,0.0,0,0.0,1,6.0,0,0.0
1739,0,0.0,0,0.0,0,0.0,0,0.0,1,7.0,0,0.0
1740,0,0.0,0,0.0,0,0.0,0,0.0,1,8.0,0,0.0
1741,0,0.0,0,0.0,0,0.0,0,0.0,1,9.0,0,0.0
1742,0,0.0,0,0.0,0,0.0,0,0.0,1,10.0,0,0.0
1743,0,0.0,0,0.0,0,0.0,0,0.0,1,11.0,0,0.0
1744,0,0.0,0,0.0,0,0.0,0,0.0,1,12.0,0,0.0
1745,0,0.0,0,0.0,0,0.0,0,0.0,1,13.0,0,0.0
1746,0,0.0,0,0.0,0,0.0,0,0.0,1,14.0,0,0.0
1747,0,0.0,0,0.0,0,0.0,0,0.0,1,15.0,0,0.0
1748,0,0.0,0,0.0,0,0.0,0,0.0,1,16.0,0,0.0
1749,0,0.0,0,0.0,0,0.0,0,0.0,1,17.0,0,0.0
1750,0,0.0,0,0.0,0,0.0,0,0.0,1,18.0,0,0.0
1751,1,1.0,0,0.0,0,0.0,0,0.0,1,19.0,0,0.0
1752,1,2.0,0,0.0,0,0.0,0,0.0,1,20.0,0,0.0
1753,1,3.0,0,0.0,0,0.0,0,0.0,1,21.0,0,0.0
1754,1,4.0,0,0.0,0,0.0,0,0.0,1,22.0,0,0.0
1755,2,6.0,0,0.0,0,0.0,0,0.0,1,23.0,0,0.0
1756,2,8.0,0,0.0,0,0.0,0,0.0,1,24.0,0,0.0
1757,2,10.0,0,0.0,0,0.0,0,0.0,1,25.0,1,1.0
1758,2,12.0,0,0.0,0,0.0,0,0.0,1,26.0,1,2.0
1759,3,15.0,0,0.0,0,0.0,0,0.0,0,0.0,1,3.0
1760,3,18.0,0,0.0,0,0.0,0,0.0,0,0.0,1,4.0
1761,3,21.0,0,0.0,0,0.0,0,0.0,0,0.0,1,5.0
1762,3,12.0,0,0.0,0,0.0,0,0.0,0,0.0,1,6.0
1763,1,5.0,0,0.0,0,0.0,0,0.0,0,0.0,1,7.0
1764,0,0.0,0,0.0,0,0.0,0,0.0,0,0.0,1,8.0
1765,0,0.0,0,0.0,0,0.0,0,0.0,0,0.0,1,9.0
1766,0,0.0,0,0.0,0,0.0,0,0.0,0,0.0,2,11.0
1767,0,0.0,0,0.0,0,0.0,0,0.0,0,0.0,2,13.0
1768,0,0.0,0,0.0,0,0.0,0,0.0,0,0.0,2,15.0
1769,0,0.0,0,0.0,0,0.0,0,0.0,0,0.0,2,17.0
1770,0,0.0,0,0.0,0,0.0,0,0.0,0,0.0,2,19.0
1771,1,1.0,0,0.0,0,0.0,0,0.0,0,0.0,2,21.0
1772,1,2.0,0,0.0,0,0.0,0,0.0,0,0.0,2,23.0
1773,1,3.0,0,0.0,0,0.0,0,0.0,0,0.0,2,25.0
1774,1,4.0,0,0.0,0,0.0,0,0.0,0,0.0,2,27.0
1775,1,5.0,0,0.0,0,0.0,0,0.0,0,0.0,2,29.0
1776,1,6.0,0,0.0,0,0.0,0,0.0,0,0.0,2,31.0
1777,1,7.0,0,0.0,0,0.0,0,0.0,0,0.0,2,33.0
1778,1,8.0,0,0.0,0,0.0,1,1.0,0,0.0,2,35.0
1779,1,9.0,0,0.0,0,0.0,1,2.0,0,0.0,2,37.0
1780,1,10.0,0,0.0,0,0.0,1,3.0,0,0.0,2,39.0
1781,1,11.0,0,0.0,0,0.0,1,4.0,0,0.0,2,41.0
1782,1,12.0,0,0.0,0,0.0,1,5.0,0,0.0,2,43.0
1783,0,0.0,0,0.0,0,0.0,1,6.0,0,0.0,2,45.0
1784,0,0.0,0,0.0,0,0.0,1,7.0,0,0.0,5,49.0
1785,0,0.0,0,0.0,0,0.0,1,8.0,0,0.0,5,53.0
1786,0,0.0,0,0.0,0,0.0,1,9.0,0,0.0,5,57.0
1787,0,0.0,0,0.0,0,0.0,1,10.0,0,0.0,2,8.0
1788,0,0.0,0,0.0,0,0.0,1,11.0,0,0.0,2,10.0
1789,0,0.0,0,0.0,0,0.0,1,12.0,0,0.0,2,12.0
1790,0,0.0,0,0.0,0,0.0,1,13.0,0,0.0,2,14.0
1791,0,0.0,0,0.0,0,0.0,1,14.0,0,0.0,2,16.0
1792,0,0.0,1,1.0,0,0.0,1,15.0,0,0.0,2,18.0
1793,0,0.0,1,2.0,0,0.0,0,0.0,0,0.0,2,20.0
1794,0,0.0,1,3.0,0,0.0,0,0.0,0,0.0,2,22.0
1795,0,0.0,0,0.0,0,0.0,0,0.0,0,0.0,2,24.0
1796,0,0.0,0,0.0,0,0.0,0,0.0,0,0.0,2,26.0
1797,0,0.0,0,0.0,0,0.0,0,0.0,0,0.0,2,28.0
1798,0,0.0,0,0.0,0,0.0,0,0.0,0,0.0,2,30.0
1799,0,0.0,0,0.0,0,0.0,0,0.0,0,0.0,2,32.0
1800,0,0.0,0,0.0,0,0.0,0,0.0,0,0.0,2,18.0
1801,0,0.0,0,0.0,0,0.0,0,0.0,0,0.0,3,21.0
1802,0,0.0,0,0.0,0,0.0,0,0.0,0,0.0,3,24.0
1803,0,0.0,0,0.0,0,0.0,0,0.0,1,1.0,3,27.0
1804,0,0.0,0,0.0,0,0.0,0,0.0,1,2.0,3,30.0
1805,0,0.0,0,0.0,0,0.0,0,0.0,1,3.0,3,33.0
1806,0,0.0,0,0.0,0,0.0,0,0.0,1,4.0,3,36.0
1807,0,0.0,0,0.0,0,0.0,0,0.0,0,0.0,3,39.0
1808,0,0.0,0,0.0,0,0.0,0,0.0,0,0.0,3,42.0
1809,0,0.0,0,0.0,0,0.0,0,0.0,0,0.0,3,45.0
1810,0,0.0,0,0.0,0,0.0,0,0.0,0,0.0,3,48.0
1811,0,0.0,0,0.0,0,0.0,0,0.0,0,0.0,4,52.0
1812,0,0.0,0,0.0,0,0.0,0,0.0,0,0.0,4,56.0
1813,0,0.0,0,0.0,0,0.0,0,0.0,0,0.0,4,60.0
1814,0,0.0,0,0.0,0,0.0,0,0.0,0,0.0,4,64.0
1815,0,0.0,0,0.0,0,0.0,0,0.0,0,0.0,3,53.0
1816,0,0.0,0,0.0,0,0.0,0,0.0,0,0.0,3,56.0
1817,0,0.0,0,0.0,0,0.0,0,0.0,0,0.0,3,59.0
1818,0,0.0,0,0.0,0,0.0,0,0.0,0,0.0,3,62.0
1819,0,0.0,0,0.0,0,0.0,0,0.0,0,0.0,3,65.0
1820,0,0.0,0,0.0,0,0.0,0,0.0,0,0.0,3,68.0
1821,0,0.0,0,0.0,0,0.0,0,0.0,0,0.0,3,71.0
1822,0,0.0,0,0.0,0,0.0,0,0.0,0,0.0,3,74.0
1823,0,0.0,0,0.0,0,0.0,0,0.0,0,0.0,3,77.0
1824,0,0.0,0,0.0,0,0.0,0,0.0,0,0.0,4,81.0
1825,0,0.0,0,0.0,0,0.0,0,0.0,0,0.0,5,85.0
1826,0,0.0,0,0.0,0,0.0,0,0.0,0,0.0,5,89.0
1827,0,0.0,0,0.0,0,0.0,0,0.0,0,0.0,5,93.0
1828,0,0.0,0,0.0,0,0.0,0,0.0,0,0.0,5,97.0
1829,0,0.0,0,0.0,0,0.0,0,0.0,0,0.0,5,101.0
1830,0,0.0,0,0.0,0,0.0,0,0.0,0,0.0,2,27.0
1831,0,0.0,0,0.0,0,0.0,0,0.0,0,0.0,1,8.0
1832,0,0.0,0,0.0,0,0.0,0,0.0,0,0.0,0,0.0
1833,1,1.0,0,0.0,0,0.0,0,0.0,0,0.0,0,0.0
1834,1,2.0,0,0.0,0,0.0,0,0.0,0,0.0,0,0.0
1835,1,3.0,0,0.0,0,0.0,0,0.0,0,0.0,0,0.0
1836,1,4.0,0,0.0,0,0.0,0,0.0,0,0.0,1,1.0
1837,1,5.0,0,0.0,0,0.0,0,0.0,0,0.0,1,2.0
1838,1,6.0,0,0.0,0,0.0,0,0.0,0,0.0,1,3.0
1839,1,7.0,0,0.0,0,0.0,0,0.0,0,0.0,2,4.0
1840,1,8.0,0,0.0,0,0.0,0,0.0,0,0.0,2,5.0
1841,1,9.0,0,0.0,0,0.0,0,0.0,0,0.0,2,6.0
1842,0,0.0,0,0.0,0,0.0,0,0.0,0,0.0,3,7.0
1843,0,0.0,0,0.0,0,0.0,0,0.0,0,0.0,4,8.0
1844,0,0.0,0,0.0,0,0.0,0,0.0,0,0.0,4,11.0
1845,0,0.0,0,0.0,0,0.0,0,0.0,0,0.0,5,11.0
1846,0,0.0,0,0.0,0,0.0,0,0.0,0,0.0,3,13.0
1847,0,0.0,0,0.0,0,0.0,0,0.0,0,0.0,4,16.0
1848,0,0.0,0,0.0,0,0.0,0,0.0,0,0.0,4,19.0
1849,0,0.0,0,0.0,0,0.0,0,0.0,0,0.0,5,22.0
1850,0,0.0,0,0.0,0,0.0,0,0.0,0,0.0,6,25.0
1851,0,0.0,0,0.0,0,0.0,0,0.0,0,0.0,6,28.0
1852,0,0.0,0,0.0,0,0.0,1,0.0,1,1.0,6,32.0
1853,0,0.0,0,0.0,0,0.0,0,0.0,1,2.0,6,36.0
1854,0,0.0,0,0.0,0,0.0,0,0.0,1,3.0,2,14.0
1855,0,0.0,0,0.0,0,0.0,0,0.0,1,4.0,2,9.0
1856,1,1.0,0,0.0,0,0.0,0,0.0,1,5.0,2,10.0
1857,1,2.0,0,0.0,0,0.0,0,0.0,1,6.0,2,11.0
1858,1,3.0,0,0.0,0,0.0,0,0.0,0,0.0,2,12.0
1859,1,4.0,0,0.0,0,0.0,0,0.0,0,0.0,2,13.0
1860,0,0.0,0,0.0,0,0.0,0,0.0,0,0.0,2,14.0
1861,0,0.0,0,0.0,0,0.0,0,0.0,0,0.0,3,16.0
1862,0,0.0,0,0.0,0,0.0,0,0.0,0,0.0,3,18.0
1863,0,0.0,0,0.0,0,0.0,0,0.0,0,0.0,3,20.0
1864,0,0.0,0,0.0,0,0.0,0,0.0,0,0.0,3,22.0
1865,0,0.0,0,0.0,0,0.0,0,0.0,0,0.0,3,24.0
1866,0,0.0,0,0.0,0,0.0,0,0.0,0,0.0,3,26.0
1867,0,0.0,0,0.0,0,0.0,0,0.0,0,0.0,3,28.0
1868,0,0.0,0,0.0,0,0.0,0,0.0,0,0.0,3,30.0
1869,0,0.0,0,0.0,0,0.0,0,0.0,0,0.0,3,32.0
1870,1,1.0,0,0.0,1,1.0,0,0.0,0,0.0,3,34.0
1871,1,2.0,0,0.0,1,2.0,1,1.0,0,0.0,3,36.0
1872,1,3.0,0,0.0,0,0.0,1,2.0,0,0.0,3,38.0
1873,1,4.0,0,0.0,0,0.0,1,3.0,0,0.0,3,40.0
1874,1,5.0,0,0.0,0,0.0,1,4.0,0,0.0,1,14.0
1875,1,6.0,0,0.0,0,0.0,1,5.0,0,0.0,0,0.0
1876,1,7.0,0,0.0,0,0.0,1,6.0,0,0.0,0,0.0
1877,1,8.0,0,0.0,0,0.0,1,7.0,0,0.0,0,0.0
1878,1,9.0,0,0.0,0,0.0,1,8.0,0,0.0,0,0.0
1879,2,11.0,0,0.0,0,0.0,1,9.0,0,0.0,0,0.0
1880,2,13.0,0,0.0,0,0.0,0,0.0,0,0.0,0,0.0
1881,3,16.0,0,0.0,0,0.0,0,0.0,1,1.0,0,0.0
1882,3,7.0,0,0.0,0,0.0,0,0.0,0,0.0,0,0.0
1883,2,5.0,0,0.0,0,0.0,0,0.0,0,0.0,0,0.0
1884,2,7.0,0,0.0,0,0.0,1,0.0,0,0.0,0,0.0
1885,2,9.0,0,0.0,0,0.0,0,0.0,0,0.0,0,0.0
1886,2,11.0,0,0.0,0,0.0,0,0.0,0,0.0,0,0.0
1887,2,13.0,0,0.0,0,0.0,0,0.0,0,0.0,0,0.0
1888,2,15.0,0,0.0,0,0.0,0,0.0,0,0.0,0,0.0
1889,3,18.0,0,0.0,0,0.0,0,0.0,0,0.0,0,0.0
1890,3,12.0,0,0.0,0,0.0,0,0.0,0,0.0,0,0.0
1891,2,5.0,0,0.0,0,0.0,1,1.0,0,0.0,1,1.0
1892,1,3.0,0,0.0,0,0.0,1,2.0,0,0.0,1,2.0
1893,0,0.0,0,0.0,0,0.0,1,3.0,0,0.0,1,3.0
1894,0,0.0,0,0.0,0,0.0,1,4.0,0,0.0,1,4.0
1895,0,0.0,0,0.0,0,0.0,1,5.0,0,0.0,1,5.0
1896,1,1.0,0,0.0,0,0.0,0,0.0,0,0.0,1,6.0
1897,1,2.0,0,0.0,0,0.0,0,0.0,0,0.0,1,7.0
1898,1,3.0,0,0.0,0,0.0,0,0.0,0,0.0,1,8.0
1899,1,4.0,0,0.0,0,0.0,0,0.0,0,0.0,1,9.0
1900,2,6.0,0,0.0,0,0.0,0,0.0,0,0.0,1,10.0
1901,1,2.0,0,0.0,0,0.0,0,0.0,0,0.0,2,12.0
1902,1,3.0,0,0.0,0,0.0,0,0.0,0,0.0,2,14.0
1903,1,4.0,0,0.0,0,0.0,0,0.0,0,0.0,2,16.0
1904,1,5.0,0,0.0,0,0.0,0,0.0,0,0.0,2,18.0
1905,1,6.0,0,0.0,0,0.0,0,0.0,0,0.0,3,21.0
1906,2,8.0,0,0.0,0,0.0,0,0.0,0,0.0,3,24.0
1907,2,10.0,0,0.0,0,0.0,0,0.0,0,0.0,4,28.0
1908,2,12.0,0,0.0,0,0.0,0,0.0,0,0.0,5,33.0
1909,2,14.0,0,0.0,0,0.0,0,0.0,0,0.0,3,17.0
1910,2,16.0,0,0.0,0,0.0,0,0.0,0,0.0,2,10.0
1911,1,6.0,0,0.0,0,0.0,0,0.0,0,0.0,1,7.0
1912,0,0.0,0,0.0,0,0.0,0,0.0,0,0.0,1,8.0
1913,0,0.0,0,0.0,0,0.0,0,0.0,0,0.0,1,9.0
1914,0,0.0,0,0.0,0,0.0,0,0.0,0,0.0,1,10.0
1915,0,0.0,0,0.0,0,0.0,0,0.0,0,0.0,3,13.0
1916,0,0.0,0,0.0,0,0.0,0,0.0,0,0.0,3,16.0
1917,0,0.0,0,0.0,0,0.0,0,0.0,0,0.0,3,19.0
1918,0,0.0,0,0.0,0,0.0,0,0.0,0,0.0,3,22.0
1919,0,0.0,0,0.0,0,0.0,0,0.0,0,0.0,3,25.0
1920,0,0.0,0,0.0,0,0.0,0,0.0,0,0.0,1,6.0
1921,0,0.0,0,0.0,0,0.0,0,0.0,0,0.0,1,7.0
1922,0,0.0,0,0.0,0,0.0,0,0.0,0,0.0,2,9.0
1923,0,0.0,0,0.0,0,0.0,0,0.0,0,0.0,2,11.0
1924,0,0.0,0,0.0,0,0.0,0,0.0,0,0.0,3,14.0
1925,1,1.0,0,0.0,0,0.0,0,0.0,0,0.0,3,17.0
1926,1,2.0,1,1.0,0,0.0,0,0.0,0,0.0,3,20.0
1927,1,3.0,1,2.0,0,0.0,0,0.0,0,0.0,3,23.0
1928,1,4.0,1,3.0,0,0.0,0,0.0,0,0.0,3,26.0
1929,1,5.0,1,4.0,0,0.0,0,0.0,0,0.0,3,29.0
1930,1,6.0,1,5.0,0,0.0,0,0.0,0,0.0,3,32.0
1931,1,7.0,1,6.0,0,0.0,0,0.0,0,0.0,3,35.0
1932,2,9.0,0,0.0,0,0.0,0,0.0,0,0.0,3,38.0
1933,2,11.0,0,0.0,0,0.0,0,0.0,1,0.0,3,41.0
1934,2,13.0,0,0.0,0,0.0,0,0.0,0,0.0,3,44.0
1935,2,15.0,0,0.0,0,0.0,0,0.0,0,0.0,3,47.0
1936,2,17.0,0,0.0,0,0.0,0,0.0,0,0.0,3,50.0
1937,2,19.0,0,0.0,0,0.0,0,0.0,0,0.0,4,53.0
1938,2,21.0,0,0.0,0,0.0,0,0.0,0,0.0,4,56.0
1939,2,23.0,0,0.0,0,0.0,0,0.0,0,0.0,5,60.0
1940,1,9.0,0,0.0,0,0.0,0,0.0,0,0.0,2,21.0
1941,0,0.0,0,0.0,0,0.0,0,0.0,0,0.0,0,0.0
1942,0,0.0,0,0.0,0,0.0,0,0.0,0,0.0,0,0.0
1943,0,0.0,0,0.0,0,0.0,0,0.0,0,0.0,0,0.0
1944,0,0.0,0,0.0,0,0.0,0,0.0,0,0.0,0,0.0
1945,0,0.0,0,0.0,0,0.0,0,0.0,0,0.0,1,1.0
1946,0,0.0,0,0.0,0,0.0,0,0.0,0,0.0,1,2.0
1947,0,0.0,0,0.0,0,0.0,0,0.0,0,0.0,1,3.0
1948,0,0.0,0,0.0,0,0.0,0,0.0,0,0.0,1,4.0
1949,0,0.0,0,0.0,0,0.0,0,0.0,0,0.0,1,5.0
1950,0,0.0,0,0.0,0,0.0,0,0.0,0,0.0,1,6.0
1951,0,0.0,0,0.0,0,0.0,0,0.0,0,0.0,1,7.0
1952,0,0.0,0,0.0,0,0.0,0,0.0,0,0.0,1,8.0
1953,0,0.0,0,0.0,0,0.0,0,0.0,0,0.0,2,10.0
1954,0,0.0,0,0.0,0,0.0,0,0.0,0,0.0,3,13.0
1955,0,0.0,0,0.0,0,0.0,0,0.0,0,0.0,3,16.0
1956,0,0.0,0,0.0,0,0.0,0,0.0,0,0.0,3,19.0
1957,0,0.0,0,0.0,0,0.0,0,0.0,0,0.0,3,22.0
1958,1,1.0,0,0.0,0,0.0,0,0.0,0,0.0,3,25.0
1959,1,2.0,0,0.0,0,0.0,0,0.0,0,0.0,3,28.0
1960,1,3.0,0,0.0,0,0.0,0,0.0,0,0.0,3,31.0
1961,1,4.0,0,0.0,0,0.0,0,0.0,0,0.0,3,34.0
1962,1,5.0,0,0.0,0,0.0,0,0.0,0,0.0,5,38.0
1963,1,6.0,1,1.0,0,0.0,0,0.0,0,0.0,5,42.0
1964,1,7.0,1,2.0,0,0.0,0,0.0,0,0.0,5,46.0
1965,1,8.0,1,3.0,0,0.0,0,0.0,0,0.0,5,50.0
1966,1,9.0,0,0.0,0,0.0,0,0.0,0,0.0,5,54.0
1967,1,10.0,0,0.0,0,0.0,0,0.0,0,0.0,2,21.0
1968,1,11.0,0,0.0,0,0.0,0,0.0,0,0.0,1,1.0
1969,1,12.0,0,0.0,0,0.0,0,0.0,0,0.0,1,2.0
1970,1,13.0,0,0.0,0,0.0,0,0.0,0,0.0,1,3.0
1971,1,14.0,0,0.0,0,0.0,0,0.0,0,0.0,1,4.0
1972,1,15.0,0,0.0,0,0.0,0,0.0,0,0.0,1,5.0
1973,2,16.0,0,0.0,0,0.0,0,0.0,0,0.0,1,6.0
1974,0,0.0,0,0.0,0,0.0,0,0.0,0,0.0,1,7.0
1975,0,0.0,0,0.0,0,0.0,0,0.0,0,0.0,1,8.0
1976,0,0.0,0,0.0,0,0.0,0,0.0,0,0.0,1,9.0
1977,0,0.0,0,0.0,0,0.0,0,0.0,0,0.0,2,11.0
1978,0,0.0,0,0.0,0,0.0,0,0.0,0,0.0,2,13.0
1979,0,0.0,0,0.0,0,0.0,0,0.0,0,0.0,2,15.0
1980,0,0.0,0,0.0,0,0.0,0,0.0,0,0.0,3,18.0
1981,0,0.0,0,0.0,0,0.0,0,0.0,0,0.0,3,21.0
1982,0,0.0,0,0.0,0,0.0,0,0.0,1,1.0,3,24.0
1983,0,0.0,0,0.0,0,0.0,0,0.0,0,0.0,3,27.0
1984,1,1.0,0,0.0,0,0.0,0,0.0,0,0.0,3,30.0
1985,1,2.0,0,0.0,0,0.0,0,0.0,0,0.0,3,33.0
1986,1,3.0,0,0.0,0,0.0,0,0.0,0,0.0,3,36.0
1987,1,4.0,0,0.0,0,0.0,0,0.0,0,0.0,3,39.0
1988,1,5.0,0,0.0,0,0.0,0,0.0,0,0.0,4,43.0
1989,1,6.0,0,0.0,0,0.0,0,0.0,0,0.0,4,47.0
1990,1,7.0,0,0.0,0,0.0,0,0.0,0,0.0,4,51.0
1991,1,8.0,0,0.0,0,0.0,0,0.0,0,0.0,4,55.0
1992,2,10.0,0,0.0,0,0.0,0,0.0,0,0.0,4,59.0
1993,1,2.0,0,0.0,0,0.0,0,0.0,0,0.0,4,63.0
1994,2,4.0,0,0.0,0,0.0,0,0.0,0,0.0,4,67.0
1995,2,6.0,0,0.0,0,0.0,0,0.0,0,0.0,4,71.0
1996,2,8.0,0,0.0,0,0.0,0,0.0,0,0.0,2,26.0
1997,2,10.0,0,0.0,0,0.0,1,1.0,0,0.0,1,10.0
1998,2,12.0,0,0.0,0,0.0,1,2.0,0,0.0,1,11.0
1999,2,14.0,0,0.0,0,0.0,1,3.0,0,0.0,1,12.0
2000,2,16.0,0,0.0,0,0.0,1,4.0,0,0.0,1,13.0
2001,1,8.0,0,0.0,0,0.0,1,5.0,0,0.0,1,14.0
2002,0,0.0,0,0.0,0,0.0,1,6.0,0,0.0,1,15.0
2003,0,0.0,0,0.0,0,0.0,0,0.0,0,0.0,1,16.0
2004,0,0.0,0,0.0,0,0.0,0,0.0,0,0.0,1,17.0
2005,0,0.0,0,0.0,0,0.0,0,0.0,0,0.0,1,18.0
2006,1,1.0,0,0.0,0,0.0,0,0.0,0,0.0,1,19.0
2007,1,2.0,0,0.0,0,0.0,0,0.0,0,0.0,1,20.0
2008,1,3.0,0,0.0,0,0.0,0,0.0,0,0.0,1,21.0
2009,1,4.0,0,0.0,0,0.0,0,0.0,0,0.0,1,22.0
2010,0,0.0,0,0.0,0,0.0,0,0.0,0,0.0,1,23.0
2011,0,0.0,0,0.0,0,0.0,0,0.0,1,1.0,1,24.0
2012,0,0.0,0,0.0,0,0.0,0,0.0,1,2.0,1,25.0
2013,0,0.0,0,0.0,0,0.0,0,0.0,0,0.0,1,26.0
2014,0,0.0,0,0.0,0,0.0,0,0.0,0,0.0,1,27.0
2015,0,0.0,0,0.0,0,0.0,0,0.0,0,0.0,1,28.0
2016,0,0.0,0,0.0,0,0.0,0,0.0,0,0.0,1,29.0
2017,0,0.0,0,0.0,0,0.0,0,0.0,0,0.0,1,30.0
2018,1,0.0,0,0.0,0,0.0,0,0.0,0,0.0,1,31.0
2019,0,0.0,0,0.0,0,0.0,0,0.0,0,0.0,1,32.0
2020,0,0.0,0,0.0,0,0.0,0,0.0,0,0.0,2,33.0
2021,0,0.0,0,0.0,0,0.0,0,0.0,0,0.0,2,34.0
2022,0,0.0,0,0.0,0,0.0,0,0.0,0,0.0,2,35.0
2023,0,0.0,0,0.0,0,0.0,0,0.0,0,0.0,2,36.0
2024,0,0.0,0,0.0,0,0.0,0,0.0,0,0.0,2,37.0
2025,0,0.0,0,0.0,0,0.0,0,0.0,0,0.0,1,1.0
2026,1,1.0,0,0.0,0,0.0,0,0.0,0,0.0,0,0.0
2027,1,2.0,0,0.0,0,0.0,0,0.0,0,0.0,0,0.0
2028,1,3.0,1,1.0,0,0.0,0,0.0,0,0.0,0,0.0
2029,1,4.0,1,2.0,0,0.0,0,0.0,0,0.0,1,1.0
2030,1,5.0,1,3.0,0,0.0,0,0.0,0,0.0,1,2.0
2031,1,6.0,1,4.0,0,0.0,0,0.0,0,0.0,1,3.0
2032,1,7.0,1,5.0,0,0.0,0,0.0,0,0.0,1,4.0
2033,1,8.0,0,0.0,0,0.0,0,0.0,0,0.0,1,5.0
2034,1,9.0,0,0.0,0,0.0,0,0.0,1,1.0,1,6.0
2035,1,10.0,0,0.0,0,0.0,0,0.0,1,2.0,1,7.0
2036,2,12.0,0,0.0,0,0.0,0,0.0,1,3.0,1,8.0
2037,0,0.0,0,0.0,0,0.0,0,0.0,0,0.0,1,9.0
2038,0,0.0,0,0.0,0,0.0,0,0.0,0,0.0,1,10.0
2039,0,0.0,0,0.0,0,0.0,0,0.0,1,1.0,1,11.0
2040,0,0.0,0,0.0,0,0.0,0,0.0,0,0.0,1,12.0
2041,0,0.0,0,0.0,0,0.0,0,0.0,0,0.0,1,13.0
2042,0,0.0,0,0.0,0,0.0,0,0.0,0,0.0,1,14.0
2043,0,0.0,0,0.0,0,0.0,0,0.0,0,0.0,1,15.0
2044,0,0.0,0,0.0,0,0.0,0,0.0,0,0.0,1,16.0
2045,1,1.0,0,0.0,0,0.0,0,0.0,0,0.0,1,17.0
2046,1,2.0,0,0.0,0,0.0,0,0.0,0,0.0,1,18.0
2047,1,3.0,0,0.0,0,0.0,0,0.0,0,0.0,1,19.0
2048,1,4.0,0,0.0,0,0.0,0,0.0,0,0.0,1,20.0
2049,2,6.0,0,0.0,0,0.0,0,0.0,0,0.0,1,21.0
2050,2,8.0,0,0.0,0,0.0,0,0.0,0,0.0,1,22.0
2051,2,10.0,0,0.0,0,0.0,0,0.0,0,0.0,1,23.0
2052,2,12.0,0,0.0,0,0.0,0,0.0,0,0.0,2,25.0
2053,1,5.0,0,0.0,0,0.0,0,0.0,0,0.0,2,27.0
2054,1,6.0,0,0.0,0,0.0,0,0.0,0,0.0,2,29.0
2055,1,7.0,0,0.0,0,0.0,0,0.0,0,0.0,2,31.0
2056,1,8.0,0,0.0,0,0.0,0,0.0,0,0.0,2,33.0
2057,1,9.0,0,0.0,0,0.0,0,0.0,0,0.0,2,35.0
2058,1,10.0,0,0.0,0,0.0,0,0.0,0,0.0,2,37.0
2059,1,11.0,0,0.0,0,0.0,0,0.0,0,0.0,2,39.0
2060,1,12.0,0,0.0,0,0.0,0,0.0,0,0.0,2,41.0
2061,0,0.0,0,0.0,0,0.0,0,0.0,0,0.0,2,43.0
2062,0,0.0,0,0.0,0,0.0,0,0.0,0,0.0,2,45.0
2063,0,0.0,0,0.0,0,0.0,0,0.0,0,0.0,2,47.0
2064,0,0.0,0,0.0,0,0.0,0,0.0,0,0.0,2,49.0
2065,0,0.0,0,0.0,0,0.0,0,0.0,0,0.0,2,51.0
2066,0,0.0,0,0.0,0,0.0,0,0.0,0,0.0,2,53.0
2067,0,0.0,0,0.0,0,0.0,0,0.0,0,0.0,1,16.0
2068,0,0.0,0,0.0,0,0.0,0,0.0,0,0.0,0,0.0
2069,0,0.0,0,0.0,0,0.0,0,0.0,0,0.0,0,0.0
2070,0,0.0,0,0.0,0,0.0,0,0.0,0,0.0,0,0.0
2071,0,0.0,0,0.0,0,0.0,0,0.0,0,0.0,0,0.0
2072,0,0.0,0,0.0,0,0.0,0,0.0,0,0.0,0,0.0
2073,0,0.0,0,0.0,0,0.0,0,0.0,0,0.0,0,0.0
2074,0,0.0,0,0.0,0,0.0,0,0.0,0,0.0,0,0.0
2075,0,0.0,0,0.0,0,0.0,0,0.0,0,0.0,0,0.0
2076,0,0.0,0,0.0,0,0.0,0,0.0,0,0.0,0,0.0
2077,0,0.0,0,0.0,0,0.0,0,0.0,0,0.0,0,0.0
2078,0,0.0,0,0.0,0,0.0,0,0.0,0,0.0,0,0.0
2079,0,0.0,0,0.0,0,0.0,0,0.0,0,0.0,0,0.0
2080,0,0.0,0,0.0,0,0.0,0,0.0,0,0.0,0,0.0
2081,0,0.0,0,0.0,0,0.0,0,0.0,0,0.0,1,1.0
2082,0,0.0,0,0.0,0,0.0,0,0.0,0,0.0,3,4.0
2083,0,0.0,0,0.0,0,0.0,0,0.0,0,0.0,4,7.0
2084,0,0.0,0,0.0,0,0.0,0,0.0,0,0.0,4,10.0
2085,0,0.0,0,0.0,0,0.0,0,0.0,0,0.0,5,13.0
2086,0,0.0,0,0.0,0,0.0,1,1.0,0,0.0,5,16.0
2087,0,0.0,0,0.0,0,0.0,1,2.0,0,0.0,5,19.0
2088,0,0.0,0,0.0,0,0.0,1,3.0,0,0.0,3,8.0
2089,0,0.0,0,0.0,0,0.0,1,4.0,0,0.0,3,10.0
2090,0,0.0,0,0.0,0,0.0,1,5.0,0,0.0,3,12.0
2091,0,0.0,0,0.0,0,0.0,0,0.0,0,0.0,4,15.0
2092,0,0.0,0,0.0,0,0.0,0,0.0,0,0.0,5,19.0
2093,0,0.0,0,0.0,0,0.0,0,0.0,0,0.0,5,23.0
2094,0,0.0,0,0.0,0,0.0,0,0.0,0,0.0,5,27.0
2095,0,0.0,0,0.0,0,0.0,0,0.0,0,0.0,5,31.0
2096,0,0.0,0,0.0,0,0.0,0,0.0,0,0.0,5,35.0
2097,0,0.0,0,0.0,0,0.0,0,0.0,0,0.0,6,33.0
2098,0,0.0,0,0.0,0,0.0,0,0.0,0,0.0,4,35.0
2099,0,0.0,0,0.0,0,0.0,0,0.0,0,0.0,4,38.0
2100,0,0.0,0,0.0,0,0.0,0,0.0,0,0.0,4,41.0
2101,0,0.0,0,0.0,0,0.0,0,0.0,0,0.0,5,45.0
2102,0,0.0,0,0.0,0,0.0,0,0.0,0,0.0,6,49.0
2103,0,0.0,0,0.0,0,0.0,0,0.0,0,0.0,6,53.0
2104,0,0.0,0,0.0,0,0.0,0,0.0,0,0.0,6,57.0
2105,0,0.0,0,0.0,0,0.0,0,0.0,0,0.0,6,61.0
2106,0,0.0,0,0.0,0,0.0,0,0.0,0,0.0,6,65.0
2107,0,0.0,0,0.0,0,0.0,0,0.0,0,0.0,6,69.0
2108,0,0.0,0,0.0,0,0.0,0,0.0,0,0.0,6,73.0
2109,0,0.0,0,0.0,0,0.0,0,0.0,0,0.0,6,77.0
2110,0,0.0,0,0.0,0,0.0,0,0.0,0,0.0,6,81.0
2111,0,0.0,0,0.0,0,0.0,0,0.0,0,0.0,6,85.0
2112,0,0.0,0,0.0,0,0.0,0,0.0,0,0.0,6,89.0
2113,0,0.0,0,0.0,0,0.0,0,0.0,0,0.0,7,93.0
2114,0,0.0,0,0.0,0,0.0,0,0.0,0,0.0,7,97.0
2115,0,0.0,0,0.0,0,0.0,0,0.0,0,0.0,7,101.0
2116,0,0.0,0,0.0,0,0.0,0,0.0,0,0.0,8,106.0
2117,0,0.0,0,0.0,0,0.0,0,0.0,0,0.0,8,111.0
2118,0,0.0,0,0.0,0,0.0,0,0.0,0,0.0,8,116.0
2119,0,0.0,0,0.0,0,0.0,0,0.0,0,0.0,8,121.0
2120,0,0.0,0,0.0,0,0.0,0,0.0,0,0.0,8,126.0
2121,0,0.0,0,0.0,0,0.0,0,0.0,0,0.0,8,131.0
2122,0,0.0,0,0.0,0,0.0,0,0.0,0,0.0,8,136.0
2123,0,0.0,0,0.0,0,0.0,0,0.0,0,0.0,5,67.0
2124,0,0.0,0,0.0,0,0.0,0,0.0,0,0.0,3,33.0
2125,0,0.0,0,0.0,0,0.0,0,0.0,0,0.0,2,10.0
2126,0,0.0,0,0.0,0,0.0,0,0.0,0,0.0,2,11.0
2127,0,0.0,0,0.0,0,0.0,0,0.0,0,0.0,2,12.0
2128,0,0.0,0,0.0,0,0.0,0,0.0,0,0.0,2,13.0
2129,0,0.0,0,0.0,0,0.0,0,0.0,0,0.0,2,14.0
2130,0,0.0,0,0.0,0,0.0,0,0.0,0,0.0,2,15.0
2131,0,0.0,0,0.0,0,0.0,0,0.0,0,0.0,2,16.0
2132,0,0.0,0,0.0,0,0.0,0,0.0,0,0.0,2,17.0
2133,0,0.0,1,1.0,0,0.0,0,0.0,0,0.0,1,18.0
2134,0,0.0,1,2.0,0,0.0,0,0.0,0,0.0,1,19.0
2135,0,0.0,1,3.0,0,0.0,0,0.0,0,0.0,1,20.0
2136,0,0.0,1,4.0,0,0.0,0,0.0,0,0.0,1,21.0
2137,0,0.0,1,5.0,0,0.0,0,0.0,0,0.0,1,22.0
2138,0,0.0,0,0.0,0,0.0,0,0.0,0,0.0,1,23.0
2139,0,0.0,0,0.0,0,0.0,0,0.0,0,0.0,2,24.0
2140,0,0.0,0,0.0,0,0.0,0,0.0,0,0.0,2,25.0
2141,0,0.0,0,0.0,0,0.0,0,0.0,0,0.0,3,27.0
2142,0,0.0,0,0.0,0,0.0,0,0.0,0,0.0,4,30.0
2143,0,0.0,0,0.0,0,0.0,0,0.0,0,0.0,5,33.0
2144,0,0.0,0,0.0,0,0.0,0,0.0,0,0.0,5,36.0
2145,0,0.0,0,0.0,0,0.0,0,0.0,0,0.0,5,39.0
2146,0,0.0,0,0.0,0,0.0,0,0.0,0,0.0,3,15.0
2147,0,0.0,0,0.0,0,0.0,0,0.0,0,0.0,2,13.0
2148,0,0.0,0,0.0,0,0.0,0,0.0,0,0.0,3,15.0
2149,0,0.0,0,0.0,0,0.0,0,0.0,0,0.0,3,17.0
2150,0,0.0,0,0.0,0,0.0,1,1.0,0,0.0,3,19.0
2151,0,0.0,0,0.0,0,0.0,1,2.0,0,0.0,3,21.0
2152,0,0.0,0,0.0,0,0.0,1,3.0,0,0.0,3,23.0
2153,0,0.0,0,0.0,0,0.0,1,4.0,0,0.0,4,26.0
2154,0,0.0,0,0.0,0,0.0,1,5.0,0,0.0,5,29.0
2155,0,0.0,0,0.0,0,0.0,1,6.0,0,0.0,5,32.0
2156,0,0.0,0,0.0,0,0.0,1,7.0,0,0.0,5,35.0
2157,0,0.0,0,0.0,0,0.0,1,8.0,0,0.0,5,38.0
2158,0,0.0,0,0.0,0,0.0,0,0.0,0,0.0,5,41.0
2159,0,0.0,0,0.0,0,0.0,0,0.0,0,0.0,5,44.0
2160,0,0.0,0,0.0,0,0.0,0,0.0,0,0.0,5,47.0
2161,1,1.0,0,0.0,0,0.0,0,0.0,0,0.0,5,50.0
2162,1,2.0,0,0.0,0,0.0,0,0.0,0,0.0,5,53.0
2163,1,3.0,0,0.0,0,0.0,0,0.0,1,1.0,5,56.0
2164,1,4.0,0,0.0,0,0.0,0,0.0,1,2.0,5,59.0
2165,1,5.0,0,0.0,0,0.0,0,0.0,2,3.0,5,62.0
2166,1,6.0,0,0.0,0,0.0,0,0.0,0,0.0,5,65.0
2167,1,7.0,0,0.0,0,0.0,0,0.0,0,0.0,5,68.0
2168,1,8.0,0,0.0,0,0.0,0,0.0,0,0.0,5,71.0
2169,2,10.0,0,0.0,0,0.0,0,0.0,0,0.0,5,74.0
2170,2,12.0,0,0.0,0,0.0,0,0.0,1,1.0,5,77.0
2171,1,3.0,0,0.0,0,0.0,0,0.0,1,2.0,5,80.0
2172,0,0.0,0,0.0,0,0.0,0,0.0,1,3.0,5,83.0
2173,0,0.0,0,0.0,0,0.0,0,0.0,1,4.0,5,86.0
2174,1,1.0,0,0.0,0,0.0,0,0.0,1,5.0,5,89.0
2175,1,2.0,0,0.0,0,0.0,0,0.0,1,6.0,5,92.0
2176,1,3.0,0,0.0,0,0.0,0,0.0,2,8.0,2,35.0
2177,1,4.0,0,0.0,0,0.0,0,0.0,2,10.0,1,1.0
2178,1,5.0,0,0.0,0,0.0,0,0.0,2,12.0,1,2.0
2179,1,6.0,0,0.0,0,0.0,0,0.0,2,14.0,1,3.0
2180,1,7.0,0,0.0,0,0.0,0,0.0,2,16.0,1,4.0
2181,1,8.0,0,0.0,0,0.0,0,0.0,2,18.0,2,5.0
2182,1,9.0,0,0.0,0,0.0,0,0.0,2,20.0,2,6.0
2183,1,10.0,0,0.0,0,0.0,0,0.0,3,23.0,2,7.0
2184,1,11.0,0,0.0,0,0.0,0,0.0,3,26.0,2,8.0
2185,0,0.0,0,0.0,0,0.0,0,0.0,3,29.0,2,9.0
2186,0,0.0,0,0.0,0,0.0,0,0.0,2,15.0,2,10.0
2187,0,0.0,0,0.0,0,0.0,0,0.0,1,5.0,2,11.0
2188,0,0.0,0,0.0,0,0.0,0,0.0,0,0.0,3,13.0
2189,1,1.0,0,0.0,0,0.0,0,0.0,0,0.0,3,15.0
2190,1,2.0,0,0.0,0,0.0,0,0.0,1,1.0,3,17.0
2191,1,3.0,0,0.0,0,0.0,0,0.0,1,2.0,3,19.0
2192,1,4.0,0,0.0,0,0.0,0,0.0,2,3.0,3,21.0
2193,1,5.0,0,0.0,0,0.0,0,0.0,1,4.0,3,23.0
2194,1,6.0,0,0.0,0,0.0,0,0.0,1,5.0,3,25.0
2195,1,7.0,0,0.0,0,0.0,0,0.0,1,6.0,3,27.0
2196,1,8.0,0,0.0,0,0.0,0,0.0,1,7.0,3,29.0
2197,1,9.0,0,0.0,0,0.0,0,0.0,2,8.0,3,31.0
2198,1,10.0,0,0.0,0,0.0,0,0.0,2,9.0,3,33.0
2199,1,11.0,0,0.0,0,0.0,0,0.0,2,10.0,3,35.0
2200,1,12.0,0,0.0,0,0.0,0,0.0,2,11.0,3,37.0
2201,1,13.0,0,0.0,0,0.0,0,0.0,0,0.0,3,39.0
2202,1,14.0,0,0.0,0,0.0,0,0.0,0,0.0,3,41.0
2203,1,15.0,0,0.0,0,0.0,0,0.0,0,0.0,3,43.0
2204,1,16.0,0,0.0,0,0.0,0,0.0,0,0.0,3,45.0
2205,1,17.0,0,0.0,0,0.0,0,0.0,0,0.0,3,47.0
2206,1,18.0,0,0.0,0,0.0,0,0.0,0,0.0,3,49.0
2207,1,19.0,0,0.0,0,0.0,0,0.0,0,0.0,3,51.0
2208,1,20.0,0,0.0,0,0.0,1,1.0,0,0.0,3,53.0
2209,1,21.0,0,0.0,0,0.0,1,2.0,0,0.0,1,22.0
2210,1,22.0,0,0.0,0,0.0,1,3.0,0,0.0,0,0.0
2211,1,23.0,0,0.0,0,0.0,1,4.0,0,0.0,0,0.0
2212,1,24.0,0,0.0,0,0.0,1,5.0,0,0.0,0,0.0
2213,1,25.0,0,0.0,0,0.0,1,6.0,0,0.0,0,0.0
2214,1,26.0,0,0.0,0,0.0,1,7.0,0,0.0,0,0.0
2215,0,0.0,0,0.0,0,0.0,1,8.0,0,0.0,0,0.0
2216,0,0.0,0,0.0,0,0.0,1,9.0,0,0.0,0,0.0
2217,0,0.0,0,0.0,0,0.0,1,10.0,1,1.0,0,0.0
2218,0,0.0,0,0.0,0,0.0,1,11.0,1,2.0,0,0.0
2219,0,0.0,0,0.0,0,0.0,1,12.0,1,3.0,1,1.0
2220,0,0.0,0,0.0,0,0.0,0,0.0,0,0.0,1,2.0
2221,0,0.0,0,0.0,0,0.0,0,0.0,0,0.0,1,3.0
2222,0,0.0,0,0.0,0,0.0,0,0.0,0,0.0,1,4.0
2223,0,0.0,0,0.0,0,0.0,0,0.0,0,0.0,1,5.0
2224,0,0.0,0,0.0,0,0.0,0,0.0,1,0.0,2,7.0
2225,0,0.0,0,0.0,0,0.0,0,0.0,0,0.0,4,11.0
2226,0,0.0,0,0.0,0,0.0,0,0.0,0,0.0,4,15.0
2227,0,0.0,0,0.0,0,0.0,0,0.0,0,0.0,6,19.0
2228,0,0.0,0,0.0,0,0.0,0,0.0,0,0.0,6,23.0
2229,0,0.0,0,0.0,0,0.0,0,0.0,2,2.0,6,27.0
2230,1,1.0,0,0.0,0,0.0,0,0.0,2,4.0,6,31.0
2231,1,2.0,0,0.0,0,0.0,0,0.0,2,6.0,6,35.0
2232,1,3.0,0,0.0,0,0.0,0,0.0,2,8.0,7,40.0
2233,1,4.0,0,0.0,0,0.0,0,0.0,1,5.0,7,45.0
2234,1,5.0,0,0.0,0,0.0,0,0.0,1,6.0,5,29.0
2235,1,6.0,1,1.0,0,0.0,0,0.0,1,7.0,5,32.0
2236,1,7.0,1,2.0,0,0.0,1,1.0,1,8.0,5,35.0
2237,1,8.0,1,3.0,0,0.0,1,2.0,1,9.0,5,38.0
2238,1,9.0,1,4.0,0,0.0,1,3.0,1,10.0,5,41.0
2239,1,10.0,1,5.0,0,0.0,1,4.0,1,11.0,5,44.0
2240,1,11.0,1,6.0,0,0.0,1,5.0,1,12.0,5,47.0
2241,2,13.0,0,0.0,0,0.0,1,6.0,0,0.0,5,50.0
2242,0,0.0,0,0.0,0,0.0,1,7.0,0,0.0,5,53.0
2243,0,0.0,0,0.0,0,0.0,0,0.0,0,0.0,5,56.0
2244,0,0.0,0,0.0,0,0.0,0,0.0,0,0.0,6,60.0
2245,0,0.0,0,0.0,0,0.0,0,0.0,0,0.0,7,64.0
2246,0,0.0,0,0.0,0,0.0,0,0.0,0,0.0,6,68.0
2247,0,0.0,0,0.0,0,0.0,0,0.0,0,0.0,6,72.0
2248,0,0.0,0,0.0,0,0.0,0,0.0,0,0.0,7,76.0
2249,0,0.0,0,0.0,0,0.0,0,0.0,0,0.0,7,80.0
2250,0,0.0,0,0.0,0,0.0,0,0.0,0,0.0,5,77.0
2251,0,0.0,0,0.0,0,0.0,0,0.0,0,0.0,6,81.0
2252,0,0.0,0,0.0,0,0.0,0,0.0,0,0.0,6,85.0
2253,0,0.0,0,0.0,0,0.0,0,0.0,0,0.0,6,89.0
2254,0,0.0,0,0.0,0,0.0,0,0.0,0,0.0,6,93.0
2255,0,0.0,0,0.0,0,0.0,0,0.0,0,0.0,6,97.0
2256,0,0.0,0,0.0,0,0.0,0,0.0,1,1.0,6,101.0
2257,0,0.0,0,0.0,0,0.0,0,0.0,0,0.0,6,105.0
2258,0,0.0,0,0.0,0,0.0,0,0.0,0,0.0,6,109.0
2259,1,0.0,0,0.0,0,0.0,0,0.0,0,0.0,6,113.0
2260,0,0.0,0,0.0,0,0.0,0,0.0,1,1.0,7,118.0
2261,1,1.0,0,0.0,0,0.0,0,0.0,1,2.0,7,123.0
2262,1,2.0,0,0.0,0,0.0,0,0.0,1,3.0,7,128.0
2263,1,3.0,0,0.0,0,0.0,0,0.0,1,4.0,7,133.0
2264,1,4.0,0,0.0,0,0.0,0,0.0,2,6.0,7,138.0
2265,1,5.0,0,0.0,0,0.0,0,0.0,2,8.0,9,144.0
2266,1,6.0,0,0.0,0,0.0,0,0.0,2,10.0,9,150.0
